epochs,octoFlash (r),octoFlash (w),octoFlash (r+w),octoFlash (r cycles),octoFlash (w cycles),octoFlash (cycles),hyperRAM (r),hyperRAM (w),hyperRAM (r+w),hyperRAM (r cycles),hyperRAM (w cycles),hyperRAM (cycles),npuRAM6 (r),npuRAM6 (w),npuRAM6 (r+w),npuRAM6 (r cycles),npuRAM6 (w cycles),npuRAM6 (cycles),cpuRAM2 (r),cpuRAM2 (w),cpuRAM2 (r+w),cpuRAM2 (r cycles),cpuRAM2 (w cycles),cpuRAM2 (cycles),flexMEM (r),flexMEM (w),flexMEM (r+w),flexMEM (r cycles),flexMEM (w cycles),flexMEM (cycles),cpuRAM1 (r),cpuRAM1 (w),cpuRAM1 (r+w),cpuRAM1 (r cycles),cpuRAM1 (w cycles),cpuRAM1 (cycles),bus port 1 (r),bus port 1 (w),bus port 0 (r),bus port 0 (w),epoch OPS,epoch OPS vs total %,epoch compute (cyles),epoch compute (cyles) vs Tot %,max (cycles),max (cycles) vs Tot %,epoch average ATON power (mW),epoch average ATON power vs Tot %,epoch average memory power (mW),epoch average memory power vs Tot %
0 ,0,0,0,0,0,0,0,0,0,0,0,0,0,0,0,0,0,0,0,0,0,0,0,0,0,0,0,0,0,0,0,0,0,0,0,0,0,0,0,0,0,0,0,0,0,0,0,0,0,0
1 ,0,0,0,0,0,0,0,0,0,0,0,0,0,0,0,0,0,0,0,0,0,0,0,0,0,0,0,0,0,0,0,0,0,0,0,0,0,0,0,0,0,0,0,0,0,0,0,0,0,0
2 ,0,0,0,0,0,0,0,0,0,0,0,0,64000,64000,128000,10000,80000,90000,0,0,0,0,0,0,0,0,0,0,0,0,0,0,0,0,0,0,0,64000,64000,0,0,0,0,0,80000,0.000870576,0,0.00057738,0,0.000171546
3 ,1600,0,1600,9600,0,9600,0,0,0,0,0,0,64000,64000,128000,20000,20000,40000,0,0,0,0,0,0,0,0,0,0,0,0,0,0,0,0,0,0,1600,64000,64000,0,2624000,0.000597196,64000,0.00164412,64000,0.00069646,27.1945,0.00104723,14.199,0.000280007
4 ,20480,0,20480,122880,0,122880,0,0,0,0,0,0,1024000,204800,1228800,76800,32000,108800,0,0,0,0,0,0,0,0,0,0,0,0,0,0,0,0,0,0,512000,204800,532480,0,32972800,0.00750428,256000,0.00657646,256000,0.00278584,64.2164,0.00989161,39.764,0.00313661
5 ,0,0,0,0,0,0,0,0,0,0,0,0,204800,204800,409600,256000,32000,288000,0,0,0,0,0,0,0,0,0,0,0,0,0,0,0,0,0,0,0,204800,204800,0,0,0,0,0,256000,0.00278584,0,0.00184762,0,0.000548947
6 ,0,0,0,0,0,0,0,0,0,0,0,0,204800,256,205056,32000,40,32040,0,0,0,0,0,0,0,0,0,0,0,0,0,0,0,0,0,0,0,256,204800,0,0,0,204800,0.00526117,204800,0.00222867,10.7606,0.00132601,4.75643,0.000300153
7 ,8192,0,8192,16380,0,16380,0,0,0,0,0,0,512,32,544,14,5,19,0,0,0,0,0,0,0,0,0,0,0,0,0,0,0,0,0,0,512,0,8192,32,16416,3.73612e-06,2731,7.01575e-05,49152,0.000534882,74.7404,0.000122817,660.856,0.000556109
8 ,8192,0,8192,16380,0,16380,0,0,0,0,0,0,512,256,768,26,40,66,0,0,0,0,0,0,0,0,0,0,0,0,0,0,0,0,0,0,512,0,8192,256,16640,3.7871e-06,2731,7.01575e-05,49152,0.000534882,75.88,0.000124689,661.18,0.000556382
9 ,0,0,0,0,0,0,0,0,0,0,0,0,614400,204800,819200,96000,32000,128000,0,0,0,0,0,0,0,0,0,0,0,0,0,0,0,0,0,0,204800,204800,409600,0,204800,4.66104e-05,204800,0.00526117,204800,0.00222867,12.7501,0.00157118,18.202,0.00114863
10 ,0,0,0,0,0,0,0,0,0,0,0,0,204800,0,204800,32000,0,32000,0,204800,204800,0,512000,512000,0,0,0,0,0,0,0,0,0,0,0,0,0,204800,204800,0,0,0,0,0,512000,0.00557168,0,0.00348994,0,0.000541548
11 ,3072,0,3072,18432,0,18432,0,0,0,0,0,0,0,204800,204800,0,16000,16000,204800,0,204800,128000,0,128000,0,0,0,0,0,0,0,0,0,0,0,0,0,204800,207872,0,4915200,0.00111865,204800,0.00526117,204800,0.00222867,18.4381,0.0022721,11.5785,0.000730657
12 ,65536,0,65536,393216,0,393216,0,0,0,0,0,0,1228800,921600,2150400,96000,72000,168000,3276800,307200,3584000,614400,160000,774400,0,0,0,0,0,0,0,0,0,0,0,0,2048000,307200,2523136,102400,52736000,0.0120022,819200,0.0210447,1120000,0.0121881,64.7818,0.0319318,47.9285,0.012098
13 ,65536,0,65536,131070,0,131070,0,0,0,0,0,0,0,204800,204800,0,32000,32000,3379200,102400,3481600,484612,32000,516612,0,0,0,0,0,0,0,0,0,0,0,0,1638400,204800,1806336,102400,105062400,0.0239111,546134,0.0140298,1088000,0.0118398,49.3955,0.0162318,55.3965,0.00932207
14 ,0,0,0,0,0,0,0,0,0,0,0,0,204800,204800,409600,256000,32000,288000,0,0,0,0,0,0,0,0,0,0,0,0,0,0,0,0,0,0,0,204800,204800,0,0,0,0,0,256000,0.00278584,0,0.00184762,0,0.000548947
15 ,0,0,0,0,0,0,0,0,0,0,0,0,204800,204800,409600,32000,32000,64000,0,0,0,0,0,0,0,0,0,0,0,0,0,0,0,0,0,0,0,204800,204800,0,0,0,204800,0.00526117,204800,0.00222867,5.2739,0.000649894,8.699,0.000548947
16 ,0,0,0,0,0,0,0,0,0,0,0,0,204800,204800,409600,32000,256000,288000,0,0,0,0,0,0,0,0,0,0,0,0,0,0,0,0,0,0,204800,0,0,204800,0,0,0,0,256000,0.00278584,0,0.00184762,0,0.000548947
17 ,3072,0,3072,18432,0,18432,0,0,0,0,0,0,204800,204800,409600,64000,64000,128000,0,0,0,0,0,0,0,0,0,0,0,0,0,0,0,0,0,0,3072,204800,204800,0,5120000,0.00116526,204800,0.00526117,204800,0.00222867,23.4821,0.00289367,11.999,0.000757192
18 ,65536,0,65536,131070,0,131070,0,0,0,0,0,0,3276800,204800,3481600,114306,32000,146306,0,0,0,0,0,0,0,0,0,0,0,0,0,0,0,0,0,0,1638400,204800,1703936,0,105062400,0.0239111,546134,0.0140298,546134,0.00594314,41.6344,0.0136815,56.3892,0.00948913
19 ,0,0,0,0,0,0,0,0,0,0,0,0,204800,204800,409600,256000,32000,288000,0,0,0,0,0,0,0,0,0,0,0,0,0,0,0,0,0,0,204800,0,0,204800,0,0,0,0,256000,0.00278584,0,0.00184762,0,0.000548947
20 ,0,0,0,0,0,0,0,0,0,0,0,0,204800,204800,409600,32000,32000,64000,0,0,0,0,0,0,0,0,0,0,0,0,0,0,0,0,0,0,0,204800,204800,0,0,0,204800,0.00526117,204800,0.00222867,5.2739,0.000649894,8.699,0.000548947
21 ,0,0,0,0,0,0,0,0,0,0,0,0,204800,204800,409600,32000,256000,288000,0,0,0,0,0,0,0,0,0,0,0,0,0,0,0,0,0,0,0,204800,204800,0,0,0,0,0,256000,0.00278584,0,0.00184762,0,0.000548947
22 ,3072,0,3072,18432,0,18432,0,0,0,0,0,0,204800,204800,409600,64000,64000,128000,0,0,0,0,0,0,0,0,0,0,0,0,0,0,0,0,0,0,204800,0,3072,204800,5120000,0.00116526,204800,0.00526117,204800,0.00222867,23.4821,0.00289367,11.999,0.000757192
23 ,65536,0,65536,131070,0,131070,0,0,0,0,0,0,3276800,204800,3481600,114306,32000,146306,0,0,0,0,0,0,0,0,0,0,0,0,0,0,0,0,0,0,1703936,0,1638400,204800,105062400,0.0239111,546134,0.0140298,546134,0.00594314,41.6344,0.0136815,56.3892,0.00948913
24 ,0,0,0,0,0,0,0,0,0,0,0,0,204800,204800,409600,256000,32000,288000,0,0,0,0,0,0,0,0,0,0,0,0,0,0,0,0,0,0,0,204800,204800,0,0,0,0,0,256000,0.00278584,0,0.00184762,0,0.000548947
25 ,0,0,0,0,0,0,0,0,0,0,0,0,204800,204800,409600,32000,32000,64000,0,0,0,0,0,0,0,0,0,0,0,0,0,0,0,0,0,0,0,204800,204800,0,0,0,204800,0.00526117,204800,0.00222867,5.2739,0.000649894,8.699,0.000548947
26 ,0,0,0,0,0,0,0,0,0,0,0,0,204800,204800,409600,32000,256000,288000,0,0,0,0,0,0,0,0,0,0,0,0,0,0,0,0,0,0,0,204800,204800,0,0,0,0,0,256000,0.00278584,0,0.00184762,0,0.000548947
27 ,3072,0,3072,18432,0,18432,0,0,0,0,0,0,204800,204800,409600,64000,64000,128000,0,0,0,0,0,0,0,0,0,0,0,0,0,0,0,0,0,0,204800,0,3072,204800,5120000,0.00116526,204800,0.00526117,204800,0.00222867,23.4821,0.00289367,11.999,0.000757192
28 ,65536,0,65536,131070,0,131070,0,0,0,0,0,0,3276800,204800,3481600,114306,32000,146306,0,0,0,0,0,0,0,0,0,0,0,0,0,0,0,0,0,0,1638400,204800,1703936,0,105062400,0.0239111,546134,0.0140298,546134,0.00594314,41.6344,0.0136815,56.3892,0.00948913
29 ,0,0,0,0,0,0,0,0,0,0,0,0,204800,204800,409600,256000,32000,288000,0,0,0,0,0,0,0,0,0,0,0,0,0,0,0,0,0,0,0,204800,204800,0,0,0,0,0,256000,0.00278584,0,0.00184762,0,0.000548947
30 ,0,0,0,0,0,0,0,0,0,0,0,0,204800,204800,409600,32000,32000,64000,0,0,0,0,0,0,0,0,0,0,0,0,0,0,0,0,0,0,204800,0,0,204800,0,0,204800,0.00526117,204800,0.00222867,5.2739,0.000649894,8.699,0.000548947
31 ,0,0,0,0,0,0,0,0,0,0,0,0,204800,204800,409600,32000,256000,288000,0,0,0,0,0,0,0,0,0,0,0,0,0,0,0,0,0,0,0,204800,204800,0,0,0,0,0,256000,0.00278584,0,0.00184762,0,0.000548947
32 ,3072,0,3072,18432,0,18432,0,0,0,0,0,0,204800,102400,307200,128000,32000,160000,0,0,0,0,0,0,0,0,0,0,0,0,0,0,0,0,0,0,3072,102400,204800,0,2560000,0.00058263,102400,0.00263058,128000,0.00139292,36.3672,0.00224074,20.0505,0.000632639
33 ,65536,0,65536,131070,0,131070,0,0,0,0,0,0,1638400,102400,1740800,57152,16000,73152,0,0,0,0,0,0,0,0,0,0,0,0,0,0,0,0,0,0,819200,102400,884736,0,52531200,0.0119556,273067,0.0070149,393216,0.00427905,44.1932,0.00726115,82.7892,0.00696585
34 ,0,0,0,0,0,0,0,0,0,0,0,0,102400,102400,204800,128000,16000,144000,0,0,0,0,0,0,0,0,0,0,0,0,0,0,0,0,0,0,0,102400,102400,0,0,0,0,0,128000,0.00139292,0,0.000923809,0,0.000274473
35 ,0,0,0,0,0,0,0,0,0,0,0,0,102400,256,102656,16000,40,16040,0,0,0,0,0,0,0,0,0,0,0,0,0,0,0,0,0,0,102400,0,0,256,0,0,102400,0.00263058,102400,0.00111434,10.7653,0.000663294,4.76137,0.000150232
36 ,8192,0,8192,16380,0,16380,0,0,0,0,0,0,512,32,544,14,5,19,0,0,0,0,0,0,0,0,0,0,0,0,0,0,0,0,0,0,512,0,8192,32,16416,3.73612e-06,2731,7.01575e-05,49152,0.000534882,74.7404,0.000122817,660.856,0.000556109
37 ,8192,0,8192,16380,0,16380,0,0,0,0,0,0,512,256,768,26,40,66,0,0,0,0,0,0,0,0,0,0,0,0,0,0,0,0,0,0,8192,256,512,0,16640,3.7871e-06,2731,7.01575e-05,49152,0.000534882,75.88,0.000124689,661.18,0.000556382
38 ,0,0,0,0,0,0,0,0,0,0,0,0,307200,102400,409600,48000,16000,64000,102400,0,102400,32000,0,32000,0,0,0,0,0,0,0,0,0,0,0,0,204800,102400,204800,0,204800,4.66104e-05,102400,0.00263058,102400,0.00111434,18.1542,0.00111855,22.533,0.000710968
39 ,0,0,0,0,0,0,0,0,0,0,0,0,102400,102400,204800,16000,128000,144000,0,0,0,0,0,0,0,0,0,0,0,0,0,0,0,0,0,0,102400,0,0,102400,0,0,0,0,128000,0.00139292,0,0.000923809,0,0.000274473
40 ,68608,0,68608,149502,0,149502,0,0,0,0,0,0,1740800,204800,1945600,95552,48000,143552,0,0,0,0,0,0,0,0,0,0,0,0,0,0,0,0,0,0,819200,204800,990208,0,55091200,0.0125382,273067,0.0070149,411648,0.00447963,53.5768,0.00880292,88.5263,0.00744857
41 ,65536,0,65536,131070,0,131070,0,0,0,0,0,0,1740800,204800,1945600,185152,32000,217152,0,0,0,0,0,0,0,0,0,0,0,0,0,0,0,0,0,0,921600,102400,884736,102400,52531200,0.0119556,273067,0.0070149,393216,0.00427905,49.8158,0.00818496,86.0513,0.00724032
42 ,0,0,0,0,0,0,0,0,0,0,0,0,102400,102400,204800,128000,16000,144000,0,0,0,0,0,0,0,0,0,0,0,0,0,0,0,0,0,0,0,102400,102400,0,0,0,0,0,128000,0.00139292,0,0.000923809,0,0.000274473
43 ,0,0,0,0,0,0,0,0,0,0,0,0,102400,102400,204800,16000,16000,32000,0,0,0,0,0,0,0,0,0,0,0,0,0,0,0,0,0,0,102400,0,0,102400,0,0,102400,0.00263058,102400,0.00111434,5.2739,0.000324947,8.699,0.000274473
44 ,0,0,0,0,0,0,0,0,0,0,0,0,102400,102400,204800,16000,128000,144000,0,0,0,0,0,0,0,0,0,0,0,0,0,0,0,0,0,0,0,102400,102400,0,0,0,0,0,128000,0.00139292,0,0.000923809,0,0.000274473
45 ,3072,0,3072,18432,0,18432,0,0,0,0,0,0,102400,102400,204800,32000,32000,64000,0,0,0,0,0,0,0,0,0,0,0,0,0,0,0,0,0,0,105472,0,0,102400,2560000,0.00058263,102400,0.00263058,102400,0.00111434,24.4417,0.00150596,15.299,0.000482719
46 ,65536,0,65536,131070,0,131070,0,0,0,0,0,0,1638400,102400,1740800,57152,16000,73152,0,0,0,0,0,0,0,0,0,0,0,0,0,0,0,0,0,0,819200,102400,884736,0,52531200,0.0119556,273067,0.0070149,393216,0.00427905,44.1932,0.00726115,82.7892,0.00696585
47 ,0,0,0,0,0,0,0,0,0,0,0,0,102400,102400,204800,128000,16000,144000,0,0,0,0,0,0,0,0,0,0,0,0,0,0,0,0,0,0,102400,0,0,102400,0,0,0,0,128000,0.00139292,0,0.000923809,0,0.000274473
48 ,0,0,0,0,0,0,0,0,0,0,0,0,102400,102400,204800,16000,16000,32000,0,0,0,0,0,0,0,0,0,0,0,0,0,0,0,0,0,0,102400,0,0,102400,0,0,102400,0.00263058,102400,0.00111434,5.2739,0.000324947,8.699,0.000274473
49 ,0,0,0,0,0,0,0,0,0,0,0,0,102400,102400,204800,16000,128000,144000,0,0,0,0,0,0,0,0,0,0,0,0,0,0,0,0,0,0,102400,0,0,102400,0,0,0,0,128000,0.00139292,0,0.000923809,0,0.000274473
50 ,3072,0,3072,18432,0,18432,0,0,0,0,0,0,102400,102400,204800,32000,32000,64000,0,0,0,0,0,0,0,0,0,0,0,0,0,0,0,0,0,0,105472,0,0,102400,2560000,0.00058263,102400,0.00263058,102400,0.00111434,24.4417,0.00150596,15.299,0.000482719
51 ,65536,0,65536,131070,0,131070,0,0,0,0,0,0,1638400,102400,1740800,57152,16000,73152,0,0,0,0,0,0,0,0,0,0,0,0,0,0,0,0,0,0,819200,102400,884736,0,52531200,0.0119556,273067,0.0070149,393216,0.00427905,44.1932,0.00726115,82.7892,0.00696585
52 ,0,0,0,0,0,0,0,0,0,0,0,0,102400,102400,204800,128000,16000,144000,0,0,0,0,0,0,0,0,0,0,0,0,0,0,0,0,0,0,0,102400,102400,0,0,0,0,0,128000,0.00139292,0,0.000923809,0,0.000274473
53 ,0,0,0,0,0,0,0,0,0,0,0,0,102400,102400,204800,16000,16000,32000,0,0,0,0,0,0,0,0,0,0,0,0,0,0,0,0,0,0,0,102400,102400,0,0,0,102400,0.00263058,102400,0.00111434,5.2739,0.000324947,8.699,0.000274473
54 ,0,0,0,0,0,0,0,0,0,0,0,0,102400,102400,204800,16000,128000,144000,0,0,0,0,0,0,0,0,0,0,0,0,0,0,0,0,0,0,0,102400,102400,0,0,0,0,0,128000,0.00139292,0,0.000923809,0,0.000274473
55 ,3072,0,3072,18432,0,18432,0,0,0,0,0,0,102400,102400,204800,32000,32000,64000,0,0,0,0,0,0,0,0,0,0,0,0,0,0,0,0,0,0,3072,102400,102400,0,2560000,0.00058263,102400,0.00263058,102400,0.00111434,24.4417,0.00150596,15.299,0.000482719
56 ,65536,0,65536,131070,0,131070,0,0,0,0,0,0,1638400,102400,1740800,57152,16000,73152,0,0,0,0,0,0,0,0,0,0,0,0,0,0,0,0,0,0,884736,0,819200,102400,52531200,0.0119556,273067,0.0070149,393216,0.00427905,44.1932,0.00726115,82.7892,0.00696585
57 ,0,0,0,0,0,0,0,0,0,0,0,0,102400,102400,204800,128000,16000,144000,0,0,0,0,0,0,0,0,0,0,0,0,0,0,0,0,0,0,0,102400,102400,0,0,0,0,0,128000,0.00139292,0,0.000923809,0,0.000274473
58 ,0,0,0,0,0,0,0,0,0,0,0,0,102400,102400,204800,16000,16000,32000,0,0,0,0,0,0,0,0,0,0,0,0,0,0,0,0,0,0,0,102400,102400,0,0,0,102400,0.00263058,102400,0.00111434,5.2739,0.000324947,8.699,0.000274473
59 ,0,0,0,0,0,0,0,0,0,0,0,0,102400,102400,204800,16000,128000,144000,0,0,0,0,0,0,0,0,0,0,0,0,0,0,0,0,0,0,0,102400,102400,0,0,0,0,0,128000,0.00139292,0,0.000923809,0,0.000274473
60 ,3072,0,3072,18432,0,18432,0,0,0,0,0,0,102400,102400,204800,32000,32000,64000,0,0,0,0,0,0,0,0,0,0,0,0,0,0,0,0,0,0,102400,0,3072,102400,2560000,0.00058263,102400,0.00263058,102400,0.00111434,24.4417,0.00150596,15.299,0.000482719
61 ,65536,0,65536,131070,0,131070,0,0,0,0,0,0,1638400,102400,1740800,57152,16000,73152,0,0,0,0,0,0,0,0,0,0,0,0,0,0,0,0,0,0,819200,102400,884736,0,52531200,0.0119556,273067,0.0070149,393216,0.00427905,44.1932,0.00726115,82.7892,0.00696585
62 ,0,0,0,0,0,0,0,0,0,0,0,0,102400,102400,204800,128000,16000,144000,0,0,0,0,0,0,0,0,0,0,0,0,0,0,0,0,0,0,0,102400,102400,0,0,0,0,0,128000,0.00139292,0,0.000923809,0,0.000274473
63 ,0,0,0,0,0,0,0,0,0,0,0,0,102400,256,102656,16000,40,16040,0,0,0,0,0,0,0,0,0,0,0,0,0,0,0,0,0,0,102400,0,0,256,0,0,102400,0.00263058,102400,0.00111434,10.7653,0.000663294,4.76137,0.000150232
64 ,8192,0,8192,16380,0,16380,0,0,0,0,0,0,512,32,544,14,5,19,0,0,0,0,0,0,0,0,0,0,0,0,0,0,0,0,0,0,512,0,8192,32,16416,3.73612e-06,2731,7.01575e-05,49152,0.000534882,74.7404,0.000122817,660.856,0.000556109
65 ,8192,0,8192,16380,0,16380,0,0,0,0,0,0,512,256,768,26,40,66,0,0,0,0,0,0,0,0,0,0,0,0,0,0,0,0,0,0,512,0,8192,256,16640,3.7871e-06,2731,7.01575e-05,49152,0.000534882,75.88,0.000124689,661.18,0.000556382
66 ,0,0,0,0,0,0,0,0,0,0,0,0,409600,102400,512000,64000,16000,80000,0,0,0,0,0,0,0,0,0,0,0,0,0,0,0,0,0,0,204800,0,204800,102400,204800,4.66104e-05,102400,0.00263058,102400,0.00111434,16.4882,0.00101591,22.9535,0.000724236
67 ,0,0,0,0,0,0,0,0,0,0,0,0,102400,102400,204800,16000,128000,144000,0,0,0,0,0,0,0,0,0,0,0,0,0,0,0,0,0,0,0,102400,102400,0,0,0,0,0,128000,0.00139292,0,0.000923809,0,0.000274473
68 ,68608,0,68608,149502,0,149502,0,0,0,0,0,0,1740800,204800,1945600,95552,48000,143552,0,0,0,0,0,0,0,0,0,0,0,0,0,0,0,0,0,0,887808,102400,921600,102400,55091200,0.0125382,273067,0.0070149,411648,0.00447963,53.5768,0.00880292,88.5263,0.00744857
69 ,65536,0,65536,131070,0,131070,0,0,0,0,0,0,1740800,204800,1945600,185152,32000,217152,0,0,0,0,0,0,0,0,0,0,0,0,0,0,0,0,0,0,819200,204800,987136,0,52531200,0.0119556,273067,0.0070149,393216,0.00427905,49.8158,0.00818496,86.0513,0.00724032
70 ,0,0,0,0,0,0,0,0,0,0,0,0,102400,102400,204800,128000,16000,144000,0,0,0,0,0,0,0,0,0,0,0,0,0,0,0,0,0,0,0,102400,102400,0,0,0,0,0,128000,0.00139292,0,0.000923809,0,0.000274473
71 ,0,0,0,0,0,0,0,0,0,0,0,0,102400,102400,204800,16000,16000,32000,0,0,0,0,0,0,0,0,0,0,0,0,0,0,0,0,0,0,0,102400,102400,0,0,0,102400,0.00263058,102400,0.00111434,5.2739,0.000324947,8.699,0.000274473
72 ,0,0,0,0,0,0,0,0,0,0,0,0,102400,102400,204800,16000,128000,144000,0,0,0,0,0,0,0,0,0,0,0,0,0,0,0,0,0,0,0,102400,102400,0,0,0,0,0,128000,0.00139292,0,0.000923809,0,0.000274473
73 ,3072,0,3072,18432,0,18432,0,0,0,0,0,0,102400,102400,204800,32000,32000,64000,0,0,0,0,0,0,0,0,0,0,0,0,0,0,0,0,0,0,0,102400,105472,0,2560000,0.00058263,102400,0.00263058,102400,0.00111434,24.4417,0.00150596,15.299,0.000482719
74 ,65536,0,65536,131070,0,131070,0,0,0,0,0,0,1638400,102400,1740800,57152,16000,73152,0,0,0,0,0,0,0,0,0,0,0,0,0,0,0,0,0,0,884736,0,819200,102400,52531200,0.0119556,273067,0.0070149,393216,0.00427905,44.1932,0.00726115,82.7892,0.00696585
75 ,0,0,0,0,0,0,0,0,0,0,0,0,102400,102400,204800,128000,16000,144000,0,0,0,0,0,0,0,0,0,0,0,0,0,0,0,0,0,0,0,102400,102400,0,0,0,0,0,128000,0.00139292,0,0.000923809,0,0.000274473
76 ,0,0,0,0,0,0,0,0,0,0,0,0,102400,102400,204800,16000,16000,32000,0,0,0,0,0,0,0,0,0,0,0,0,0,0,0,0,0,0,0,102400,102400,0,0,0,102400,0.00263058,102400,0.00111434,5.2739,0.000324947,8.699,0.000274473
77 ,0,0,0,0,0,0,0,0,0,0,0,0,102400,102400,204800,16000,128000,144000,0,0,0,0,0,0,0,0,0,0,0,0,0,0,0,0,0,0,102400,0,0,102400,0,0,0,0,128000,0.00139292,0,0.000923809,0,0.000274473
78 ,3072,0,3072,18432,0,18432,0,0,0,0,0,0,102400,102400,204800,32000,32000,64000,0,0,0,0,0,0,0,0,0,0,0,0,0,0,0,0,0,0,0,102400,105472,0,2560000,0.00058263,102400,0.00263058,102400,0.00111434,24.4417,0.00150596,15.299,0.000482719
79 ,65536,0,65536,131070,0,131070,0,0,0,0,0,0,1638400,102400,1740800,57152,16000,73152,0,0,0,0,0,0,0,0,0,0,0,0,0,0,0,0,0,0,884736,0,819200,102400,52531200,0.0119556,273067,0.0070149,393216,0.00427905,44.1932,0.00726115,82.7892,0.00696585
80 ,0,0,0,0,0,0,0,0,0,0,0,0,102400,102400,204800,128000,16000,144000,0,0,0,0,0,0,0,0,0,0,0,0,0,0,0,0,0,0,102400,0,0,102400,0,0,0,0,128000,0.00139292,0,0.000923809,0,0.000274473
81 ,0,0,0,0,0,0,0,0,0,0,0,0,102400,102400,204800,16000,16000,32000,0,0,0,0,0,0,0,0,0,0,0,0,0,0,0,0,0,0,102400,0,0,102400,0,0,102400,0.00263058,102400,0.00111434,5.2739,0.000324947,8.699,0.000274473
82 ,0,0,0,0,0,0,0,0,0,0,0,0,102400,102400,204800,16000,128000,144000,0,0,0,0,0,0,0,0,0,0,0,0,0,0,0,0,0,0,102400,0,0,102400,0,0,0,0,128000,0.00139292,0,0.000923809,0,0.000274473
83 ,3072,0,3072,18432,0,18432,0,0,0,0,0,0,102400,102400,204800,32000,32000,64000,0,0,0,0,0,0,0,0,0,0,0,0,0,0,0,0,0,0,102400,0,3072,102400,2560000,0.00058263,102400,0.00263058,102400,0.00111434,24.4417,0.00150596,15.299,0.000482719
84 ,65536,0,65536,131070,0,131070,0,0,0,0,0,0,1638400,102400,1740800,57152,16000,73152,0,0,0,0,0,0,0,0,0,0,0,0,0,0,0,0,0,0,884736,0,819200,102400,52531200,0.0119556,273067,0.0070149,393216,0.00427905,44.1932,0.00726115,82.7892,0.00696585
85 ,0,0,0,0,0,0,0,0,0,0,0,0,102400,102400,204800,128000,16000,144000,0,0,0,0,0,0,0,0,0,0,0,0,0,0,0,0,0,0,0,102400,102400,0,0,0,0,0,128000,0.00139292,0,0.000923809,0,0.000274473
86 ,0,0,0,0,0,0,0,0,0,0,0,0,102400,102400,204800,16000,16000,32000,0,0,0,0,0,0,0,0,0,0,0,0,0,0,0,0,0,0,102400,0,0,102400,0,0,102400,0.00263058,102400,0.00111434,5.2739,0.000324947,8.699,0.000274473
87 ,0,0,0,0,0,0,0,0,0,0,0,0,102400,102400,204800,16000,128000,144000,0,0,0,0,0,0,0,0,0,0,0,0,0,0,0,0,0,0,102400,0,0,102400,0,0,0,0,128000,0.00139292,0,0.000923809,0,0.000274473
88 ,3072,0,3072,18432,0,18432,0,0,0,0,0,0,102400,102400,204800,32000,32000,64000,0,0,0,0,0,0,0,0,0,0,0,0,0,0,0,0,0,0,105472,0,0,102400,2560000,0.00058263,102400,0.00263058,102400,0.00111434,24.4417,0.00150596,15.299,0.000482719
89 ,65536,0,65536,131070,0,131070,0,0,0,0,0,0,1638400,102400,1740800,57152,16000,73152,0,0,0,0,0,0,0,0,0,0,0,0,0,0,0,0,0,0,884736,0,819200,102400,52531200,0.0119556,273067,0.0070149,393216,0.00427905,44.1932,0.00726115,82.7892,0.00696585
90 ,0,0,0,0,0,0,0,0,0,0,0,0,102400,102400,204800,128000,16000,144000,0,0,0,0,0,0,0,0,0,0,0,0,0,0,0,0,0,0,0,102400,102400,0,0,0,0,0,128000,0.00139292,0,0.000923809,0,0.000274473
91 ,0,0,0,0,0,0,0,0,0,0,0,0,102400,256,102656,16000,40,16040,0,0,0,0,0,0,0,0,0,0,0,0,0,0,0,0,0,0,0,256,102400,0,0,0,102400,0.00263058,102400,0.00111434,10.7653,0.000663294,4.76137,0.000150232
92 ,8192,0,8192,16380,0,16380,0,0,0,0,0,0,512,32,544,14,5,19,0,0,0,0,0,0,0,0,0,0,0,0,0,0,0,0,0,0,8192,32,512,0,16416,3.73612e-06,2731,7.01575e-05,49152,0.000534882,74.7404,0.000122817,660.856,0.000556109
93 ,8192,0,8192,16380,0,16380,0,0,0,0,0,0,512,256,768,26,40,66,0,0,0,0,0,0,0,0,0,0,0,0,0,0,0,0,0,0,512,0,8192,256,16640,3.7871e-06,2731,7.01575e-05,49152,0.000534882,75.88,0.000124689,661.18,0.000556382
94 ,0,0,0,0,0,0,0,0,0,0,0,0,409600,102400,512000,64000,16000,80000,0,0,0,0,0,0,0,0,0,0,0,0,0,0,0,0,0,0,307200,0,102400,102400,204800,4.66104e-05,102400,0.00263058,102400,0.00111434,16.4882,0.00101591,22.9535,0.000724236
95 ,0,0,0,0,0,0,0,0,0,0,0,0,102400,102400,204800,16000,128000,144000,0,0,0,0,0,0,0,0,0,0,0,0,0,0,0,0,0,0,0,102400,102400,0,0,0,0,0,128000,0.00139292,0,0.000923809,0,0.000274473
96 ,70656,0,70656,161790,0,161790,0,0,0,0,0,0,1740800,204800,1945600,95552,48000,143552,0,0,0,0,0,0,0,0,0,0,0,0,0,0,0,0,0,0,921600,102400,889856,102400,56729600,0.0129111,273067,0.0070149,423936,0.00461335,55.2088,0.00907107,90.1763,0.0075874
97 ,65536,0,65536,131070,0,131070,0,0,0,0,0,0,1740800,204800,1945600,185152,32000,217152,0,0,0,0,0,0,0,0,0,0,0,0,0,0,0,0,0,0,884736,102400,921600,102400,52531200,0.0119556,273067,0.0070149,393216,0.00427905,49.8158,0.00818496,86.0513,0.00724032
98 ,0,0,0,0,0,0,0,0,0,0,0,0,102400,102400,204800,128000,16000,144000,0,0,0,0,0,0,0,0,0,0,0,0,0,0,0,0,0,0,0,102400,102400,0,0,0,0,0,128000,0.00139292,0,0.000923809,0,0.000274473
99 ,0,0,0,0,0,0,0,0,0,0,0,0,102400,102400,204800,16000,16000,32000,0,0,0,0,0,0,0,0,0,0,0,0,0,0,0,0,0,0,0,102400,102400,0,0,0,102400,0.00263058,102400,0.00111434,5.2739,0.000324947,8.699,0.000274473
100 ,0,0,0,0,0,0,0,0,0,0,0,0,102400,102400,204800,16000,128000,144000,0,0,0,0,0,0,0,0,0,0,0,0,0,0,0,0,0,0,102400,0,0,102400,0,0,0,0,128000,0.00139292,0,0.000923809,0,0.000274473
101 ,5120,0,5120,30720,0,30720,0,0,0,0,0,0,102400,102400,204800,32000,32000,64000,0,0,0,0,0,0,0,0,0,0,0,0,0,0,0,0,0,0,107520,0,0,102400,4198400,0.000955514,102400,0.00263058,102400,0.00111434,28.7938,0.00177411,19.699,0.000621549
102 ,65536,0,65536,131070,0,131070,0,0,0,0,0,0,1638400,102400,1740800,57152,16000,73152,0,0,0,0,0,0,0,0,0,0,0,0,0,0,0,0,0,0,884736,0,819200,102400,52531200,0.0119556,273067,0.0070149,393216,0.00427905,44.1932,0.00726115,82.7892,0.00696585
103 ,0,0,0,0,0,0,0,0,0,0,0,0,102400,102400,204800,128000,16000,144000,0,0,0,0,0,0,0,0,0,0,0,0,0,0,0,0,0,0,0,102400,102400,0,0,0,0,0,128000,0.00139292,0,0.000923809,0,0.000274473
104 ,0,0,0,0,0,0,0,0,0,0,0,0,102400,102400,204800,16000,16000,32000,0,0,0,0,0,0,0,0,0,0,0,0,0,0,0,0,0,0,0,102400,102400,0,0,0,102400,0.00263058,102400,0.00111434,5.2739,0.000324947,8.699,0.000274473
105 ,0,0,0,0,0,0,0,0,0,0,0,0,102400,102400,204800,16000,128000,144000,0,0,0,0,0,0,0,0,0,0,0,0,0,0,0,0,0,0,102400,0,0,102400,0,0,0,0,128000,0.00139292,0,0.000923809,0,0.000274473
106 ,5120,0,5120,30720,0,30720,0,0,0,0,0,0,102400,102400,204800,32000,32000,64000,0,0,0,0,0,0,0,0,0,0,0,0,0,0,0,0,0,0,5120,102400,102400,0,4198400,0.000955514,102400,0.00263058,102400,0.00111434,28.7938,0.00177411,19.699,0.000621549
107 ,65536,0,65536,131070,0,131070,0,0,0,0,0,0,1638400,102400,1740800,57152,16000,73152,0,0,0,0,0,0,0,0,0,0,0,0,0,0,0,0,0,0,819200,102400,884736,0,52531200,0.0119556,273067,0.0070149,393216,0.00427905,44.1932,0.00726115,82.7892,0.00696585
108 ,0,0,0,0,0,0,0,0,0,0,0,0,102400,102400,204800,128000,16000,144000,0,0,0,0,0,0,0,0,0,0,0,0,0,0,0,0,0,0,102400,0,0,102400,0,0,0,0,128000,0.00139292,0,0.000923809,0,0.000274473
109 ,0,0,0,0,0,0,0,0,0,0,0,0,102400,102400,204800,16000,16000,32000,0,0,0,0,0,0,0,0,0,0,0,0,0,0,0,0,0,0,102400,0,0,102400,0,0,102400,0.00263058,102400,0.00111434,5.2739,0.000324947,8.699,0.000274473
110 ,0,0,0,0,0,0,0,0,0,0,0,0,102400,102400,204800,16000,128000,144000,0,0,0,0,0,0,0,0,0,0,0,0,0,0,0,0,0,0,102400,0,0,102400,0,0,0,0,128000,0.00139292,0,0.000923809,0,0.000274473
111 ,5120,0,5120,30720,0,30720,0,0,0,0,0,0,102400,102400,204800,32000,32000,64000,0,0,0,0,0,0,0,0,0,0,0,0,0,0,0,0,0,0,5120,102400,102400,0,4198400,0.000955514,102400,0.00263058,102400,0.00111434,28.7938,0.00177411,19.699,0.000621549
112 ,65536,0,65536,131070,0,131070,0,0,0,0,0,0,1638400,102400,1740800,57152,16000,73152,0,0,0,0,0,0,0,0,0,0,0,0,0,0,0,0,0,0,819200,102400,884736,0,52531200,0.0119556,273067,0.0070149,393216,0.00427905,44.1932,0.00726115,82.7892,0.00696585
113 ,0,0,0,0,0,0,0,0,0,0,0,0,102400,102400,204800,128000,16000,144000,0,0,0,0,0,0,0,0,0,0,0,0,0,0,0,0,0,0,0,102400,102400,0,0,0,0,0,128000,0.00139292,0,0.000923809,0,0.000274473
114 ,0,0,0,0,0,0,0,0,0,0,0,0,102400,102400,204800,16000,16000,32000,0,0,0,0,0,0,0,0,0,0,0,0,0,0,0,0,0,0,102400,0,0,102400,0,0,102400,0.00263058,102400,0.00111434,5.2739,0.000324947,8.699,0.000274473
115 ,0,0,0,0,0,0,0,0,0,0,0,0,102400,102400,204800,16000,128000,144000,0,0,0,0,0,0,0,0,0,0,0,0,0,0,0,0,0,0,0,102400,102400,0,0,0,0,0,128000,0.00139292,0,0.000923809,0,0.000274473
116 ,5120,0,5120,30720,0,30720,0,0,0,0,0,0,102400,102400,204800,32000,32000,64000,0,0,0,0,0,0,0,0,0,0,0,0,0,0,0,0,0,0,5120,102400,102400,0,4198400,0.000955514,102400,0.00263058,102400,0.00111434,28.7938,0.00177411,19.699,0.000621549
117 ,65536,0,65536,131070,0,131070,0,0,0,0,0,0,1638400,102400,1740800,57152,16000,73152,0,0,0,0,0,0,0,0,0,0,0,0,0,0,0,0,0,0,819200,102400,884736,0,52531200,0.0119556,273067,0.0070149,393216,0.00427905,44.1932,0.00726115,82.7892,0.00696585
118 ,0,0,0,0,0,0,0,0,0,0,0,0,102400,102400,204800,128000,16000,144000,0,0,0,0,0,0,0,0,0,0,0,0,0,0,0,0,0,0,102400,0,0,102400,0,0,0,0,128000,0.00139292,0,0.000923809,0,0.000274473
119 ,0,0,0,0,0,0,0,0,0,0,0,0,102400,256,102656,16000,40,16040,0,0,0,0,0,0,0,0,0,0,0,0,0,0,0,0,0,0,0,256,102400,0,0,0,102400,0.00263058,102400,0.00111434,10.7653,0.000663294,4.76137,0.000150232
120 ,8192,0,8192,16380,0,16380,0,0,0,0,0,0,512,32,544,14,5,19,0,0,0,0,0,0,0,0,0,0,0,0,0,0,0,0,0,0,512,0,8192,32,16416,3.73612e-06,2731,7.01575e-05,49152,0.000534882,74.7404,0.000122817,660.856,0.000556109
121 ,8192,0,8192,16380,0,16380,0,0,0,0,0,0,512,256,768,26,40,66,0,0,0,0,0,0,0,0,0,0,0,0,0,0,0,0,0,0,512,0,8192,256,16640,3.7871e-06,2731,7.01575e-05,49152,0.000534882,75.88,0.000124689,661.18,0.000556382
122 ,0,0,0,0,0,0,0,0,0,0,0,0,409600,102400,512000,64000,16000,80000,0,0,0,0,0,0,0,0,0,0,0,0,0,0,0,0,0,0,102400,102400,307200,0,204800,4.66104e-05,102400,0.00263058,102400,0.00111434,16.4882,0.00101591,22.9535,0.000724236
123 ,0,0,0,0,0,0,0,0,0,0,0,0,102400,102400,204800,16000,128000,144000,0,0,0,0,0,0,0,0,0,0,0,0,0,0,0,0,0,0,0,102400,102400,0,0,0,0,0,128000,0.00139292,0,0.000923809,0,0.000274473
124 ,70656,0,70656,161790,0,161790,0,0,0,0,0,0,1740800,204800,1945600,95552,48000,143552,0,0,0,0,0,0,0,0,0,0,0,0,0,0,0,0,0,0,819200,204800,992256,0,56729600,0.0129111,273067,0.0070149,423936,0.00461335,55.2088,0.00907107,90.1763,0.0075874
125 ,65536,0,65536,131070,0,131070,0,0,0,0,0,0,1740800,204800,1945600,185152,32000,217152,0,0,0,0,0,0,0,0,0,0,0,0,0,0,0,0,0,0,921600,102400,884736,102400,52531200,0.0119556,273067,0.0070149,393216,0.00427905,49.8158,0.00818496,86.0513,0.00724032
126 ,0,0,0,0,0,0,0,0,0,0,0,0,102400,102400,204800,128000,16000,144000,0,0,0,0,0,0,0,0,0,0,0,0,0,0,0,0,0,0,102400,0,0,102400,0,0,0,0,128000,0.00139292,0,0.000923809,0,0.000274473
127 ,0,0,0,0,0,0,0,0,0,0,0,0,102400,102400,204800,16000,16000,32000,0,0,0,0,0,0,0,0,0,0,0,0,0,0,0,0,0,0,0,102400,102400,0,0,0,102400,0.00263058,102400,0.00111434,5.2739,0.000324947,8.699,0.000274473
128 ,0,0,0,0,0,0,0,0,0,0,0,0,102400,102400,204800,16000,128000,144000,0,0,0,0,0,0,0,0,0,0,0,0,0,0,0,0,0,0,102400,0,0,102400,0,0,0,0,128000,0.00139292,0,0.000923809,0,0.000274473
129 ,5120,0,5120,30720,0,30720,0,0,0,0,0,0,102400,102400,204800,32000,32000,64000,0,0,0,0,0,0,0,0,0,0,0,0,0,0,0,0,0,0,0,102400,107520,0,4198400,0.000955514,102400,0.00263058,102400,0.00111434,28.7938,0.00177411,19.699,0.000621549
130 ,65536,0,65536,131070,0,131070,0,0,0,0,0,0,1638400,102400,1740800,57152,16000,73152,0,0,0,0,0,0,0,0,0,0,0,0,0,0,0,0,0,0,819200,102400,884736,0,52531200,0.0119556,273067,0.0070149,393216,0.00427905,44.1932,0.00726115,82.7892,0.00696585
131 ,0,0,0,0,0,0,0,0,0,0,0,0,102400,102400,204800,128000,16000,144000,0,0,0,0,0,0,0,0,0,0,0,0,0,0,0,0,0,0,0,102400,102400,0,0,0,0,0,128000,0.00139292,0,0.000923809,0,0.000274473
132 ,0,0,0,0,0,0,0,0,0,0,0,0,102400,102400,204800,16000,16000,32000,0,0,0,0,0,0,0,0,0,0,0,0,0,0,0,0,0,0,0,102400,102400,0,0,0,102400,0.00263058,102400,0.00111434,5.2739,0.000324947,8.699,0.000274473
133 ,0,0,0,0,0,0,0,0,0,0,0,0,102400,102400,204800,16000,128000,144000,0,0,0,0,0,0,0,0,0,0,0,0,0,0,0,0,0,0,102400,0,0,102400,0,0,0,0,128000,0.00139292,0,0.000923809,0,0.000274473
134 ,5120,0,5120,30720,0,30720,0,0,0,0,0,0,102400,102400,204800,32000,32000,64000,0,0,0,0,0,0,0,0,0,0,0,0,0,0,0,0,0,0,102400,0,5120,102400,4198400,0.000955514,102400,0.00263058,102400,0.00111434,28.7938,0.00177411,19.699,0.000621549
135 ,65536,0,65536,131070,0,131070,0,0,0,0,0,0,1638400,102400,1740800,57152,16000,73152,0,0,0,0,0,0,0,0,0,0,0,0,0,0,0,0,0,0,819200,102400,884736,0,52531200,0.0119556,273067,0.0070149,393216,0.00427905,44.1932,0.00726115,82.7892,0.00696585
136 ,0,0,0,0,0,0,0,0,0,0,0,0,102400,102400,204800,128000,16000,144000,0,0,0,0,0,0,0,0,0,0,0,0,0,0,0,0,0,0,0,102400,102400,0,0,0,0,0,128000,0.00139292,0,0.000923809,0,0.000274473
137 ,0,0,0,0,0,0,0,0,0,0,0,0,102400,102400,204800,16000,16000,32000,0,0,0,0,0,0,0,0,0,0,0,0,0,0,0,0,0,0,0,102400,102400,0,0,0,102400,0.00263058,102400,0.00111434,5.2739,0.000324947,8.699,0.000274473
138 ,0,0,0,0,0,0,0,0,0,0,0,0,102400,102400,204800,16000,128000,144000,0,0,0,0,0,0,0,0,0,0,0,0,0,0,0,0,0,0,102400,0,0,102400,0,0,0,0,128000,0.00139292,0,0.000923809,0,0.000274473
139 ,5120,0,5120,30720,0,30720,0,0,0,0,0,0,102400,102400,204800,32000,32000,64000,0,0,0,0,0,0,0,0,0,0,0,0,0,0,0,0,0,0,102400,0,5120,102400,4198400,0.000955514,102400,0.00263058,102400,0.00111434,28.7938,0.00177411,19.699,0.000621549
140 ,65536,0,65536,131070,0,131070,0,0,0,0,0,0,1638400,102400,1740800,57152,16000,73152,0,0,0,0,0,0,0,0,0,0,0,0,0,0,0,0,0,0,819200,102400,884736,0,52531200,0.0119556,273067,0.0070149,393216,0.00427905,44.1932,0.00726115,82.7892,0.00696585
141 ,0,0,0,0,0,0,0,0,0,0,0,0,102400,102400,204800,128000,16000,144000,0,0,0,0,0,0,0,0,0,0,0,0,0,0,0,0,0,0,102400,0,0,102400,0,0,0,0,128000,0.00139292,0,0.000923809,0,0.000274473
142 ,0,0,0,0,0,0,0,0,0,0,0,0,102400,102400,204800,16000,16000,32000,0,0,0,0,0,0,0,0,0,0,0,0,0,0,0,0,0,0,0,102400,102400,0,0,0,102400,0.00263058,102400,0.00111434,5.2739,0.000324947,8.699,0.000274473
143 ,0,0,0,0,0,0,0,0,0,0,0,0,102400,102400,204800,16000,128000,144000,0,0,0,0,0,0,0,0,0,0,0,0,0,0,0,0,0,0,102400,0,0,102400,0,0,0,0,128000,0.00139292,0,0.000923809,0,0.000274473
144 ,5120,0,5120,30720,0,30720,0,0,0,0,0,0,102400,102400,204800,32000,32000,64000,0,0,0,0,0,0,0,0,0,0,0,0,0,0,0,0,0,0,107520,0,0,102400,4198400,0.000955514,102400,0.00263058,102400,0.00111434,28.7938,0.00177411,19.699,0.000621549
145 ,65536,0,65536,131070,0,131070,0,0,0,0,0,0,1638400,102400,1740800,57152,16000,73152,0,0,0,0,0,0,0,0,0,0,0,0,0,0,0,0,0,0,884736,0,819200,102400,52531200,0.0119556,273067,0.0070149,393216,0.00427905,44.1932,0.00726115,82.7892,0.00696585
146 ,0,0,0,0,0,0,0,0,0,0,0,0,102400,102400,204800,128000,16000,144000,0,0,0,0,0,0,0,0,0,0,0,0,0,0,0,0,0,0,0,102400,102400,0,0,0,0,0,128000,0.00139292,0,0.000923809,0,0.000274473
147 ,0,0,0,0,0,0,0,0,0,0,0,0,102400,256,102656,16000,40,16040,0,0,0,0,0,0,0,0,0,0,0,0,0,0,0,0,0,0,0,256,102400,0,0,0,102400,0.00263058,102400,0.00111434,10.7653,0.000663294,4.76137,0.000150232
148 ,8192,0,8192,16380,0,16380,0,0,0,0,0,0,512,32,544,14,5,19,0,0,0,0,0,0,0,0,0,0,0,0,0,0,0,0,0,0,512,0,8192,32,16416,3.73612e-06,2731,7.01575e-05,49152,0.000534882,74.7404,0.000122817,660.856,0.000556109
149 ,8192,0,8192,16380,0,16380,0,0,0,0,0,0,512,256,768,26,40,66,0,0,0,0,0,0,0,0,0,0,0,0,0,0,0,0,0,0,8192,256,512,0,16640,3.7871e-06,2731,7.01575e-05,49152,0.000534882,75.88,0.000124689,661.18,0.000556382
150 ,0,0,0,0,0,0,0,0,0,0,0,0,409600,102400,512000,64000,16000,80000,0,0,0,0,0,0,0,0,0,0,0,0,0,0,0,0,0,0,204800,102400,204800,0,204800,4.66104e-05,102400,0.00263058,102400,0.00111434,16.4882,0.00101591,22.9535,0.000724236
151 ,0,0,0,0,0,0,0,0,0,0,0,0,102400,102400,204800,16000,128000,144000,0,0,0,0,0,0,0,0,0,0,0,0,0,0,0,0,0,0,0,102400,102400,0,0,0,0,0,128000,0.00139292,0,0.000923809,0,0.000274473
152 ,70656,0,70656,161790,0,161790,0,0,0,0,0,0,1740800,204800,1945600,95552,48000,143552,0,0,0,0,0,0,0,0,0,0,0,0,0,0,0,0,0,0,992256,0,819200,204800,56729600,0.0129111,273067,0.0070149,423936,0.00461335,55.2088,0.00907107,90.1763,0.0075874
153 ,65536,0,65536,131070,0,131070,0,0,0,0,0,0,1740800,204800,1945600,185152,32000,217152,0,0,0,0,0,0,0,0,0,0,0,0,0,0,0,0,0,0,921600,102400,884736,102400,52531200,0.0119556,273067,0.0070149,393216,0.00427905,49.8158,0.00818496,86.0513,0.00724032
154 ,0,0,0,0,0,0,0,0,0,0,0,0,102400,102400,204800,128000,16000,144000,0,0,0,0,0,0,0,0,0,0,0,0,0,0,0,0,0,0,102400,0,0,102400,0,0,0,0,128000,0.00139292,0,0.000923809,0,0.000274473
155 ,0,0,0,0,0,0,0,0,0,0,0,0,102400,102400,204800,16000,16000,32000,0,0,0,0,0,0,0,0,0,0,0,0,0,0,0,0,0,0,0,102400,102400,0,0,0,102400,0.00263058,102400,0.00111434,5.2739,0.000324947,8.699,0.000274473
156 ,0,0,0,0,0,0,0,0,0,0,0,0,102400,102400,204800,16000,128000,144000,0,0,0,0,0,0,0,0,0,0,0,0,0,0,0,0,0,0,102400,0,0,102400,0,0,0,0,128000,0.00139292,0,0.000923809,0,0.000274473
157 ,5120,0,5120,30720,0,30720,0,0,0,0,0,0,102400,102400,204800,32000,32000,64000,0,0,0,0,0,0,0,0,0,0,0,0,0,0,0,0,0,0,102400,0,5120,102400,4198400,0.000955514,102400,0.00263058,102400,0.00111434,28.7938,0.00177411,19.699,0.000621549
158 ,65536,0,65536,131070,0,131070,0,0,0,0,0,0,1638400,102400,1740800,57152,16000,73152,0,0,0,0,0,0,0,0,0,0,0,0,0,0,0,0,0,0,819200,102400,884736,0,52531200,0.0119556,273067,0.0070149,393216,0.00427905,44.1932,0.00726115,82.7892,0.00696585
159 ,0,0,0,0,0,0,0,0,0,0,0,0,102400,102400,204800,128000,16000,144000,0,0,0,0,0,0,0,0,0,0,0,0,0,0,0,0,0,0,102400,0,0,102400,0,0,0,0,128000,0.00139292,0,0.000923809,0,0.000274473
160 ,0,0,0,0,0,0,0,0,0,0,0,0,102400,102400,204800,16000,16000,32000,0,0,0,0,0,0,0,0,0,0,0,0,0,0,0,0,0,0,102400,0,0,102400,0,0,102400,0.00263058,102400,0.00111434,5.2739,0.000324947,8.699,0.000274473
161 ,0,0,0,0,0,0,0,0,0,0,0,0,102400,102400,204800,16000,128000,144000,0,0,0,0,0,0,0,0,0,0,0,0,0,0,0,0,0,0,0,102400,102400,0,0,0,0,0,128000,0.00139292,0,0.000923809,0,0.000274473
162 ,5120,0,5120,30720,0,30720,0,0,0,0,0,0,102400,102400,204800,32000,32000,64000,0,0,0,0,0,0,0,0,0,0,0,0,0,0,0,0,0,0,5120,102400,102400,0,4198400,0.000955514,102400,0.00263058,102400,0.00111434,28.7938,0.00177411,19.699,0.000621549
163 ,65536,0,65536,131070,0,131070,0,0,0,0,0,0,1638400,102400,1740800,57152,16000,73152,0,0,0,0,0,0,0,0,0,0,0,0,0,0,0,0,0,0,884736,0,819200,102400,52531200,0.0119556,273067,0.0070149,393216,0.00427905,44.1932,0.00726115,82.7892,0.00696585
164 ,0,0,0,0,0,0,0,0,0,0,0,0,102400,102400,204800,128000,16000,144000,0,0,0,0,0,0,0,0,0,0,0,0,0,0,0,0,0,0,0,102400,102400,0,0,0,0,0,128000,0.00139292,0,0.000923809,0,0.000274473
165 ,0,0,0,0,0,0,0,0,0,0,0,0,102400,102400,204800,16000,16000,32000,0,0,0,0,0,0,0,0,0,0,0,0,0,0,0,0,0,0,0,102400,102400,0,0,0,102400,0.00263058,102400,0.00111434,5.2739,0.000324947,8.699,0.000274473
166 ,0,0,0,0,0,0,0,0,0,0,0,0,102400,102400,204800,16000,128000,144000,0,0,0,0,0,0,0,0,0,0,0,0,0,0,0,0,0,0,0,102400,102400,0,0,0,0,0,128000,0.00139292,0,0.000923809,0,0.000274473
167 ,5120,0,5120,30720,0,30720,0,0,0,0,0,0,102400,102400,204800,32000,32000,64000,0,0,0,0,0,0,0,0,0,0,0,0,0,0,0,0,0,0,5120,102400,102400,0,4198400,0.000955514,102400,0.00263058,102400,0.00111434,28.7938,0.00177411,19.699,0.000621549
168 ,65536,0,65536,131070,0,131070,0,0,0,0,0,0,1638400,102400,1740800,57152,16000,73152,0,0,0,0,0,0,0,0,0,0,0,0,0,0,0,0,0,0,819200,102400,884736,0,52531200,0.0119556,273067,0.0070149,393216,0.00427905,44.1932,0.00726115,82.7892,0.00696585
169 ,0,0,0,0,0,0,0,0,0,0,0,0,102400,102400,204800,128000,16000,144000,0,0,0,0,0,0,0,0,0,0,0,0,0,0,0,0,0,0,102400,0,0,102400,0,0,0,0,128000,0.00139292,0,0.000923809,0,0.000274473
170 ,0,0,0,0,0,0,0,0,0,0,0,0,102400,102400,204800,16000,16000,32000,0,0,0,0,0,0,0,0,0,0,0,0,0,0,0,0,0,0,0,102400,102400,0,0,0,102400,0.00263058,102400,0.00111434,5.2739,0.000324947,8.699,0.000274473
171 ,0,0,0,0,0,0,0,0,0,0,0,0,102400,102400,204800,16000,128000,144000,0,0,0,0,0,0,0,0,0,0,0,0,0,0,0,0,0,0,0,102400,102400,0,0,0,0,0,128000,0.00139292,0,0.000923809,0,0.000274473
172 ,5120,0,5120,30720,0,30720,0,0,0,0,0,0,102400,102400,204800,32000,32000,64000,0,0,0,0,0,0,0,0,0,0,0,0,0,0,0,0,0,0,0,102400,107520,0,4198400,0.000955514,102400,0.00263058,102400,0.00111434,28.7938,0.00177411,19.699,0.000621549
173 ,65536,0,65536,131070,0,131070,0,0,0,0,0,0,1638400,102400,1740800,57152,16000,73152,0,0,0,0,0,0,0,0,0,0,0,0,0,0,0,0,0,0,884736,0,819200,102400,52531200,0.0119556,273067,0.0070149,393216,0.00427905,44.1932,0.00726115,82.7892,0.00696585
174 ,0,0,0,0,0,0,0,0,0,0,0,0,102400,102400,204800,128000,16000,144000,0,0,0,0,0,0,0,0,0,0,0,0,0,0,0,0,0,0,0,102400,102400,0,0,0,0,0,128000,0.00139292,0,0.000923809,0,0.000274473
175 ,0,0,0,0,0,0,0,0,0,0,0,0,102400,256,102656,16000,40,16040,0,0,0,0,0,0,0,0,0,0,0,0,0,0,0,0,0,0,0,256,102400,0,0,0,102400,0.00263058,102400,0.00111434,10.7653,0.000663294,4.76137,0.000150232
176 ,8192,0,8192,16380,0,16380,0,0,0,0,0,0,512,32,544,14,5,19,0,0,0,0,0,0,0,0,0,0,0,0,0,0,0,0,0,0,512,0,8192,32,16416,3.73612e-06,2731,7.01575e-05,49152,0.000534882,74.7404,0.000122817,660.856,0.000556109
177 ,8192,0,8192,16380,0,16380,0,0,0,0,0,0,512,256,768,26,40,66,0,0,0,0,0,0,0,0,0,0,0,0,0,0,0,0,0,0,8192,256,512,0,16640,3.7871e-06,2731,7.01575e-05,49152,0.000534882,75.88,0.000124689,661.18,0.000556382
178 ,0,0,0,0,0,0,0,0,0,0,0,0,409600,102400,512000,64000,16000,80000,0,0,0,0,0,0,0,0,0,0,0,0,0,0,0,0,0,0,102400,102400,307200,0,204800,4.66104e-05,102400,0.00263058,102400,0.00111434,16.4882,0.00101591,22.9535,0.000724236
179 ,0,0,0,0,0,0,0,0,0,0,0,0,102400,102400,204800,16000,128000,144000,0,0,0,0,0,0,0,0,0,0,0,0,0,0,0,0,0,0,0,102400,102400,0,0,0,0,0,128000,0.00139292,0,0.000923809,0,0.000274473
180 ,3072,0,3072,18432,0,18432,0,0,0,0,0,0,102400,102400,204800,32000,8000,40000,0,0,0,0,0,0,0,0,0,0,0,0,0,0,0,0,0,0,105472,0,0,102400,2457600,0.000559325,102400,0.00263058,102400,0.00111434,16.0658,0.000989882,15.299,0.000482719
181 ,65536,0,65536,393216,0,393216,0,0,0,0,0,0,2252800,563200,2816000,201600,68000,269600,0,51200,51200,0,16000,16000,0,0,0,0,0,0,0,0,0,0,0,0,1294336,51200,1024000,153600,26368000,0.00600109,409600,0.0105223,440000,0.00478817,65.1516,0.0160571,67.2398,0.00848629
182 ,65536,0,65536,131070,0,131070,0,0,0,0,0,0,1638400,153600,1792000,57152,24000,81152,51200,0,51200,128000,0,128000,0,0,0,0,0,0,0,0,0,0,0,0,819200,102400,935936,51200,52531200,0.0119556,273067,0.0070149,393216,0.00427905,49.5034,0.00813364,84.3414,0.00709645
183 ,0,0,0,0,0,0,0,0,0,0,0,0,102400,102400,204800,128000,16000,144000,0,0,0,0,0,0,0,0,0,0,0,0,0,0,0,0,0,0,102400,0,0,102400,0,0,0,0,128000,0.00139292,0,0.000923809,0,0.000274473
184 ,0,0,0,0,0,0,0,0,0,0,0,0,102400,102400,204800,16000,16000,32000,0,0,0,0,0,0,0,0,0,0,0,0,0,0,0,0,0,0,102400,0,0,102400,0,0,102400,0.00263058,102400,0.00111434,5.2739,0.000324947,8.699,0.000274473
185 ,0,0,0,0,0,0,0,0,0,0,0,0,102400,102400,204800,16000,128000,144000,0,0,0,0,0,0,0,0,0,0,0,0,0,0,0,0,0,0,0,102400,102400,0,0,0,0,0,128000,0.00139292,0,0.000923809,0,0.000274473
186 ,3072,0,3072,18432,0,18432,0,0,0,0,0,0,102400,102400,204800,32000,32000,64000,0,0,0,0,0,0,0,0,0,0,0,0,0,0,0,0,0,0,3072,102400,102400,0,2560000,0.00058263,102400,0.00263058,102400,0.00111434,24.4417,0.00150596,15.299,0.000482719
187 ,65536,0,65536,131070,0,131070,0,0,0,0,0,0,1638400,102400,1740800,57152,16000,73152,0,0,0,0,0,0,0,0,0,0,0,0,0,0,0,0,0,0,884736,0,819200,102400,52531200,0.0119556,273067,0.0070149,393216,0.00427905,44.1932,0.00726115,82.7892,0.00696585
188 ,0,0,0,0,0,0,0,0,0,0,0,0,102400,102400,204800,128000,16000,144000,0,0,0,0,0,0,0,0,0,0,0,0,0,0,0,0,0,0,0,102400,102400,0,0,0,0,0,128000,0.00139292,0,0.000923809,0,0.000274473
189 ,0,0,0,0,0,0,0,0,0,0,0,0,102400,102400,204800,16000,16000,32000,0,0,0,0,0,0,0,0,0,0,0,0,0,0,0,0,0,0,102400,0,0,102400,0,0,102400,0.00263058,102400,0.00111434,5.2739,0.000324947,8.699,0.000274473
190 ,0,0,0,0,0,0,0,0,0,0,0,0,102400,102400,204800,16000,128000,144000,0,0,0,0,0,0,0,0,0,0,0,0,0,0,0,0,0,0,0,102400,102400,0,0,0,0,0,128000,0.00139292,0,0.000923809,0,0.000274473
191 ,3072,0,3072,18432,0,18432,0,0,0,0,0,0,102400,102400,204800,32000,32000,64000,0,0,0,0,0,0,0,0,0,0,0,0,0,0,0,0,0,0,102400,0,3072,102400,2560000,0.00058263,102400,0.00263058,102400,0.00111434,24.4417,0.00150596,15.299,0.000482719
192 ,65536,0,65536,131070,0,131070,0,0,0,0,0,0,1638400,102400,1740800,57152,16000,73152,0,0,0,0,0,0,0,0,0,0,0,0,0,0,0,0,0,0,819200,102400,884736,0,52531200,0.0119556,273067,0.0070149,393216,0.00427905,44.1932,0.00726115,82.7892,0.00696585
193 ,0,0,0,0,0,0,0,0,0,0,0,0,102400,102400,204800,128000,16000,144000,0,0,0,0,0,0,0,0,0,0,0,0,0,0,0,0,0,0,0,102400,102400,0,0,0,0,0,128000,0.00139292,0,0.000923809,0,0.000274473
194 ,0,0,0,0,0,0,0,0,0,0,0,0,102400,102400,204800,16000,16000,32000,0,0,0,0,0,0,0,0,0,0,0,0,0,0,0,0,0,0,102400,0,0,102400,0,0,102400,0.00263058,102400,0.00111434,5.2739,0.000324947,8.699,0.000274473
195 ,0,0,0,0,0,0,0,0,0,0,0,0,102400,102400,204800,16000,128000,144000,0,0,0,0,0,0,0,0,0,0,0,0,0,0,0,0,0,0,102400,0,0,102400,0,0,0,0,128000,0.00139292,0,0.000923809,0,0.000274473
196 ,3072,0,3072,18432,0,18432,0,0,0,0,0,0,102400,102400,204800,32000,32000,64000,0,0,0,0,0,0,0,0,0,0,0,0,0,0,0,0,0,0,102400,0,3072,102400,2560000,0.00058263,102400,0.00263058,102400,0.00111434,24.4417,0.00150596,15.299,0.000482719
197 ,65536,0,65536,131070,0,131070,0,0,0,0,0,0,1638400,102400,1740800,57152,16000,73152,0,0,0,0,0,0,0,0,0,0,0,0,0,0,0,0,0,0,884736,0,819200,102400,52531200,0.0119556,273067,0.0070149,393216,0.00427905,44.1932,0.00726115,82.7892,0.00696585
198 ,0,0,0,0,0,0,0,0,0,0,0,0,102400,102400,204800,128000,16000,144000,0,0,0,0,0,0,0,0,0,0,0,0,0,0,0,0,0,0,0,102400,102400,0,0,0,0,0,128000,0.00139292,0,0.000923809,0,0.000274473
199 ,0,0,0,0,0,0,0,0,0,0,0,0,102400,102400,204800,16000,16000,32000,0,0,0,0,0,0,0,0,0,0,0,0,0,0,0,0,0,0,0,102400,102400,0,0,0,102400,0.00263058,102400,0.00111434,5.2739,0.000324947,8.699,0.000274473
200 ,0,0,0,0,0,0,0,0,0,0,0,0,102400,102400,204800,16000,128000,144000,0,0,0,0,0,0,0,0,0,0,0,0,0,0,0,0,0,0,0,102400,102400,0,0,0,0,0,128000,0.00139292,0,0.000923809,0,0.000274473
201 ,3072,0,3072,18432,0,18432,0,0,0,0,0,0,102400,51200,153600,64000,16000,80000,0,0,0,0,0,0,0,0,0,0,0,0,0,0,0,0,0,0,3072,51200,102400,0,1280000,0.000291315,51200,0.00131529,64000,0.00069646,38.2864,0.00117949,26.6505,0.000420442
202 ,65536,0,65536,131070,0,131070,0,0,0,0,0,0,819200,51200,870400,28576,8000,36576,0,0,0,0,0,0,0,0,0,0,0,0,0,0,0,0,0,0,409600,51200,475136,0,26265600,0.00597779,136534,0.00350746,393216,0.00427905,49.3108,0.00405101,135.589,0.00570421
203 ,0,0,0,0,0,0,0,0,0,0,0,0,51200,51200,102400,64000,8000,72000,0,0,0,0,0,0,0,0,0,0,0,0,0,0,0,0,0,0,0,51200,51200,0,0,0,0,0,64000,0.00069646,0,0.000461904,0,0.000137237
204 ,0,0,0,0,0,0,0,0,0,0,0,0,51200,256,51456,8000,40,8040,0,0,0,0,0,0,0,0,0,0,0,0,0,0,0,0,0,0,51200,0,0,256,0,0,51200,0.00131529,51200,0.000557168,10.7746,0.000331935,4.77124,7.52718e-05
205 ,8192,0,8192,16380,0,16380,0,0,0,0,0,0,512,32,544,14,5,19,0,0,0,0,0,0,0,0,0,0,0,0,0,0,0,0,0,0,8192,32,512,0,16416,3.73612e-06,2731,7.01575e-05,49152,0.000534882,74.7404,0.000122817,660.856,0.000556109
206 ,8192,0,8192,16380,0,16380,0,0,0,0,0,0,512,256,768,26,40,66,0,0,0,0,0,0,0,0,0,0,0,0,0,0,0,0,0,0,8192,256,512,0,16640,3.7871e-06,2731,7.01575e-05,49152,0.000534882,75.88,0.000124689,661.18,0.000556382
207 ,0,0,0,0,0,0,0,0,0,0,0,0,204800,51200,256000,32000,8000,40000,0,0,0,0,0,0,0,0,0,0,0,0,0,0,0,0,0,0,102400,0,102400,51200,102400,2.33052e-05,51200,0.00131529,51200,0.000557168,16.4882,0.000507954,22.9535,0.000362118
208 ,0,0,0,0,0,0,0,0,0,0,0,0,51200,51200,102400,8000,64000,72000,0,0,0,0,0,0,0,0,0,0,0,0,0,0,0,0,0,0,0,51200,51200,0,0,0,0,0,64000,0.00069646,0,0.000461904,0,0.000137237
209 ,68608,0,68608,149502,0,149502,0,0,0,0,0,0,870400,102400,972800,47776,24000,71776,0,0,0,0,0,0,0,0,0,0,0,0,0,0,0,0,0,0,529408,0,409600,102400,27545600,0.0062691,136534,0.00350746,411648,0.00447963,59.414,0.00488102,143.801,0.00604969
210 ,65536,0,65536,131070,0,131070,0,0,0,0,0,0,870400,102400,972800,92576,16000,108576,0,0,0,0,0,0,0,0,0,0,0,0,0,0,0,0,0,0,526336,0,409600,102400,26265600,0.00597779,136534,0.00350746,393216,0.00427905,54.9333,0.00451292,138.851,0.00584144
211 ,0,0,0,0,0,0,0,0,0,0,0,0,51200,51200,102400,64000,8000,72000,0,0,0,0,0,0,0,0,0,0,0,0,0,0,0,0,0,0,0,51200,51200,0,0,0,0,0,64000,0.00069646,0,0.000461904,0,0.000137237
212 ,0,0,0,0,0,0,0,0,0,0,0,0,51200,51200,102400,8000,8000,16000,0,0,0,0,0,0,0,0,0,0,0,0,0,0,0,0,0,0,0,51200,51200,0,0,0,51200,0.00131529,51200,0.000557168,5.2739,0.000162474,8.699,0.000137237
213 ,0,0,0,0,0,0,0,0,0,0,0,0,51200,51200,102400,8000,64000,72000,0,0,0,0,0,0,0,0,0,0,0,0,0,0,0,0,0,0,51200,0,0,51200,0,0,0,0,64000,0.00069646,0,0.000461904,0,0.000137237
214 ,3072,0,3072,18432,0,18432,0,0,0,0,0,0,51200,51200,102400,16000,16000,32000,0,0,0,0,0,0,0,0,0,0,0,0,0,0,0,0,0,0,54272,0,0,51200,1280000,0.000291315,51200,0.00131529,51200,0.000557168,26.3609,0.000812102,21.899,0.000345482
215 ,65536,0,65536,131070,0,131070,0,0,0,0,0,0,819200,51200,870400,28576,8000,36576,0,0,0,0,0,0,0,0,0,0,0,0,0,0,0,0,0,0,475136,0,409600,51200,26265600,0.00597779,136534,0.00350746,393216,0.00427905,49.3108,0.00405101,135.589,0.00570421
216 ,0,0,0,0,0,0,0,0,0,0,0,0,51200,51200,102400,64000,8000,72000,0,0,0,0,0,0,0,0,0,0,0,0,0,0,0,0,0,0,0,51200,51200,0,0,0,0,0,64000,0.00069646,0,0.000461904,0,0.000137237
217 ,0,0,0,0,0,0,0,0,0,0,0,0,51200,51200,102400,8000,8000,16000,0,0,0,0,0,0,0,0,0,0,0,0,0,0,0,0,0,0,0,51200,51200,0,0,0,51200,0.00131529,51200,0.000557168,5.2739,0.000162474,8.699,0.000137237
218 ,0,0,0,0,0,0,0,0,0,0,0,0,51200,51200,102400,8000,64000,72000,0,0,0,0,0,0,0,0,0,0,0,0,0,0,0,0,0,0,51200,0,0,51200,0,0,0,0,64000,0.00069646,0,0.000461904,0,0.000137237
219 ,3072,0,3072,18432,0,18432,0,0,0,0,0,0,51200,51200,102400,16000,16000,32000,0,0,0,0,0,0,0,0,0,0,0,0,0,0,0,0,0,0,0,51200,54272,0,1280000,0.000291315,51200,0.00131529,51200,0.000557168,26.3609,0.000812102,21.899,0.000345482
220 ,65536,0,65536,131070,0,131070,0,0,0,0,0,0,819200,51200,870400,28576,8000,36576,0,0,0,0,0,0,0,0,0,0,0,0,0,0,0,0,0,0,409600,51200,475136,0,26265600,0.00597779,136534,0.00350746,393216,0.00427905,49.3108,0.00405101,135.589,0.00570421
221 ,0,0,0,0,0,0,0,0,0,0,0,0,51200,51200,102400,64000,8000,72000,0,0,0,0,0,0,0,0,0,0,0,0,0,0,0,0,0,0,51200,0,0,51200,0,0,0,0,64000,0.00069646,0,0.000461904,0,0.000137237
222 ,0,0,0,0,0,0,0,0,0,0,0,0,51200,51200,102400,8000,8000,16000,0,0,0,0,0,0,0,0,0,0,0,0,0,0,0,0,0,0,51200,0,0,51200,0,0,51200,0.00131529,51200,0.000557168,5.2739,0.000162474,8.699,0.000137237
223 ,0,0,0,0,0,0,0,0,0,0,0,0,51200,51200,102400,8000,64000,72000,0,0,0,0,0,0,0,0,0,0,0,0,0,0,0,0,0,0,51200,0,0,51200,0,0,0,0,64000,0.00069646,0,0.000461904,0,0.000137237
224 ,3072,0,3072,18432,0,18432,0,0,0,0,0,0,51200,51200,102400,16000,16000,32000,0,0,0,0,0,0,0,0,0,0,0,0,0,0,0,0,0,0,3072,51200,51200,0,1280000,0.000291315,51200,0.00131529,51200,0.000557168,26.3609,0.000812102,21.899,0.000345482
225 ,65536,0,65536,131070,0,131070,0,0,0,0,0,0,819200,51200,870400,28576,8000,36576,0,0,0,0,0,0,0,0,0,0,0,0,0,0,0,0,0,0,475136,0,409600,51200,26265600,0.00597779,136534,0.00350746,393216,0.00427905,49.3108,0.00405101,135.589,0.00570421
226 ,0,0,0,0,0,0,0,0,0,0,0,0,51200,51200,102400,64000,8000,72000,0,0,0,0,0,0,0,0,0,0,0,0,0,0,0,0,0,0,0,51200,51200,0,0,0,0,0,64000,0.00069646,0,0.000461904,0,0.000137237
227 ,0,0,0,0,0,0,0,0,0,0,0,0,51200,51200,102400,8000,8000,16000,0,0,0,0,0,0,0,0,0,0,0,0,0,0,0,0,0,0,51200,0,0,51200,0,0,51200,0.00131529,51200,0.000557168,5.2739,0.000162474,8.699,0.000137237
228 ,0,0,0,0,0,0,0,0,0,0,0,0,51200,51200,102400,8000,64000,72000,0,0,0,0,0,0,0,0,0,0,0,0,0,0,0,0,0,0,0,51200,51200,0,0,0,0,0,64000,0.00069646,0,0.000461904,0,0.000137237
229 ,3072,0,3072,18432,0,18432,0,0,0,0,0,0,51200,51200,102400,16000,16000,32000,0,0,0,0,0,0,0,0,0,0,0,0,0,0,0,0,0,0,51200,0,3072,51200,1280000,0.000291315,51200,0.00131529,51200,0.000557168,26.3609,0.000812102,21.899,0.000345482
230 ,65536,0,65536,131070,0,131070,0,0,0,0,0,0,819200,51200,870400,28576,8000,36576,0,0,0,0,0,0,0,0,0,0,0,0,0,0,0,0,0,0,475136,0,409600,51200,26265600,0.00597779,136534,0.00350746,393216,0.00427905,49.3108,0.00405101,135.589,0.00570421
231 ,0,0,0,0,0,0,0,0,0,0,0,0,51200,51200,102400,64000,8000,72000,0,0,0,0,0,0,0,0,0,0,0,0,0,0,0,0,0,0,0,51200,51200,0,0,0,0,0,64000,0.00069646,0,0.000461904,0,0.000137237
232 ,0,0,0,0,0,0,0,0,0,0,0,0,51200,256,51456,8000,40,8040,0,0,0,0,0,0,0,0,0,0,0,0,0,0,0,0,0,0,0,256,51200,0,0,0,51200,0.00131529,51200,0.000557168,10.7746,0.000331935,4.77124,7.52718e-05
233 ,8192,0,8192,16380,0,16380,0,0,0,0,0,0,512,32,544,14,5,19,0,0,0,0,0,0,0,0,0,0,0,0,0,0,0,0,0,0,512,0,8192,32,16416,3.73612e-06,2731,7.01575e-05,49152,0.000534882,74.7404,0.000122817,660.856,0.000556109
234 ,8192,0,8192,16380,0,16380,0,0,0,0,0,0,512,256,768,26,40,66,0,0,0,0,0,0,0,0,0,0,0,0,0,0,0,0,0,0,512,0,8192,256,16640,3.7871e-06,2731,7.01575e-05,49152,0.000534882,75.88,0.000124689,661.18,0.000556382
235 ,0,0,0,0,0,0,0,0,0,0,0,0,204800,51200,256000,32000,8000,40000,0,0,0,0,0,0,0,0,0,0,0,0,0,0,0,0,0,0,102400,51200,102400,0,102400,2.33052e-05,51200,0.00131529,51200,0.000557168,16.4882,0.000507954,22.9535,0.000362118
236 ,0,0,0,0,0,0,0,0,0,0,0,0,51200,51200,102400,8000,64000,72000,0,0,0,0,0,0,0,0,0,0,0,0,0,0,0,0,0,0,51200,0,0,51200,0,0,0,0,64000,0.00069646,0,0.000461904,0,0.000137237
237 ,70656,0,70656,161790,0,161790,0,0,0,0,0,0,870400,102400,972800,47776,24000,71776,0,0,0,0,0,0,0,0,0,0,0,0,0,0,0,0,0,0,460800,51200,480256,51200,28364800,0.00645554,136534,0.00350746,423936,0.00461335,61.5258,0.00505451,147.101,0.00618852
238 ,65536,0,65536,131070,0,131070,0,0,0,0,0,0,870400,102400,972800,92576,16000,108576,0,0,0,0,0,0,0,0,0,0,0,0,0,0,0,0,0,0,460800,51200,475136,51200,26265600,0.00597779,136534,0.00350746,393216,0.00427905,54.9333,0.00451292,138.851,0.00584144
239 ,0,0,0,0,0,0,0,0,0,0,0,0,51200,51200,102400,64000,8000,72000,0,0,0,0,0,0,0,0,0,0,0,0,0,0,0,0,0,0,0,51200,51200,0,0,0,0,0,64000,0.00069646,0,0.000461904,0,0.000137237
240 ,0,0,0,0,0,0,0,0,0,0,0,0,51200,51200,102400,8000,8000,16000,0,0,0,0,0,0,0,0,0,0,0,0,0,0,0,0,0,0,0,51200,51200,0,0,0,51200,0.00131529,51200,0.000557168,5.2739,0.000162474,8.699,0.000137237
241 ,0,0,0,0,0,0,0,0,0,0,0,0,51200,51200,102400,8000,64000,72000,0,0,0,0,0,0,0,0,0,0,0,0,0,0,0,0,0,0,51200,0,0,51200,0,0,0,0,64000,0.00069646,0,0.000461904,0,0.000137237
242 ,5120,0,5120,30720,0,30720,0,0,0,0,0,0,51200,51200,102400,16000,16000,32000,0,0,0,0,0,0,0,0,0,0,0,0,0,0,0,0,0,0,5120,51200,51200,0,2099200,0.000477757,51200,0.00131529,51200,0.000557168,31.9924,0.000985594,30.699,0.000484312
243 ,65536,0,65536,131070,0,131070,0,0,0,0,0,0,819200,51200,870400,28576,8000,36576,0,0,0,0,0,0,0,0,0,0,0,0,0,0,0,0,0,0,409600,51200,475136,0,26265600,0.00597779,136534,0.00350746,393216,0.00427905,49.3108,0.00405101,135.589,0.00570421
244 ,0,0,0,0,0,0,0,0,0,0,0,0,51200,51200,102400,64000,8000,72000,0,0,0,0,0,0,0,0,0,0,0,0,0,0,0,0,0,0,51200,0,0,51200,0,0,0,0,64000,0.00069646,0,0.000461904,0,0.000137237
245 ,0,0,0,0,0,0,0,0,0,0,0,0,51200,51200,102400,8000,8000,16000,0,0,0,0,0,0,0,0,0,0,0,0,0,0,0,0,0,0,51200,0,0,51200,0,0,51200,0.00131529,51200,0.000557168,5.2739,0.000162474,8.699,0.000137237
246 ,0,0,0,0,0,0,0,0,0,0,0,0,51200,51200,102400,8000,64000,72000,0,0,0,0,0,0,0,0,0,0,0,0,0,0,0,0,0,0,0,51200,51200,0,0,0,0,0,64000,0.00069646,0,0.000461904,0,0.000137237
247 ,5120,0,5120,30720,0,30720,0,0,0,0,0,0,51200,51200,102400,16000,16000,32000,0,0,0,0,0,0,0,0,0,0,0,0,0,0,0,0,0,0,56320,0,0,51200,2099200,0.000477757,51200,0.00131529,51200,0.000557168,31.9924,0.000985594,30.699,0.000484312
248 ,65536,0,65536,131070,0,131070,0,0,0,0,0,0,819200,51200,870400,28576,8000,36576,0,0,0,0,0,0,0,0,0,0,0,0,0,0,0,0,0,0,409600,51200,475136,0,26265600,0.00597779,136534,0.00350746,393216,0.00427905,49.3108,0.00405101,135.589,0.00570421
249 ,0,0,0,0,0,0,0,0,0,0,0,0,51200,51200,102400,64000,8000,72000,0,0,0,0,0,0,0,0,0,0,0,0,0,0,0,0,0,0,0,51200,51200,0,0,0,0,0,64000,0.00069646,0,0.000461904,0,0.000137237
250 ,0,0,0,0,0,0,0,0,0,0,0,0,51200,51200,102400,8000,8000,16000,0,0,0,0,0,0,0,0,0,0,0,0,0,0,0,0,0,0,51200,0,0,51200,0,0,51200,0.00131529,51200,0.000557168,5.2739,0.000162474,8.699,0.000137237
251 ,0,0,0,0,0,0,0,0,0,0,0,0,51200,51200,102400,8000,64000,72000,0,0,0,0,0,0,0,0,0,0,0,0,0,0,0,0,0,0,51200,0,0,51200,0,0,0,0,64000,0.00069646,0,0.000461904,0,0.000137237
252 ,5120,0,5120,30720,0,30720,0,0,0,0,0,0,51200,51200,102400,16000,16000,32000,0,0,0,0,0,0,0,0,0,0,0,0,0,0,0,0,0,0,5120,51200,51200,0,2099200,0.000477757,51200,0.00131529,51200,0.000557168,31.9924,0.000985594,30.699,0.000484312
253 ,65536,0,65536,131070,0,131070,0,0,0,0,0,0,819200,51200,870400,28576,8000,36576,0,0,0,0,0,0,0,0,0,0,0,0,0,0,0,0,0,0,475136,0,409600,51200,26265600,0.00597779,136534,0.00350746,393216,0.00427905,49.3108,0.00405101,135.589,0.00570421
254 ,0,0,0,0,0,0,0,0,0,0,0,0,51200,51200,102400,64000,8000,72000,0,0,0,0,0,0,0,0,0,0,0,0,0,0,0,0,0,0,0,51200,51200,0,0,0,0,0,64000,0.00069646,0,0.000461904,0,0.000137237
255 ,0,0,0,0,0,0,0,0,0,0,0,0,51200,51200,102400,8000,8000,16000,0,0,0,0,0,0,0,0,0,0,0,0,0,0,0,0,0,0,51200,0,0,51200,0,0,51200,0.00131529,51200,0.000557168,5.2739,0.000162474,8.699,0.000137237
256 ,0,0,0,0,0,0,0,0,0,0,0,0,51200,51200,102400,8000,64000,72000,0,0,0,0,0,0,0,0,0,0,0,0,0,0,0,0,0,0,0,51200,51200,0,0,0,0,0,64000,0.00069646,0,0.000461904,0,0.000137237
257 ,5120,0,5120,30720,0,30720,0,0,0,0,0,0,51200,51200,102400,16000,16000,32000,0,0,0,0,0,0,0,0,0,0,0,0,0,0,0,0,0,0,5120,51200,51200,0,2099200,0.000477757,51200,0.00131529,51200,0.000557168,31.9924,0.000985594,30.699,0.000484312
258 ,65536,0,65536,131070,0,131070,0,0,0,0,0,0,819200,51200,870400,28576,8000,36576,0,0,0,0,0,0,0,0,0,0,0,0,0,0,0,0,0,0,475136,0,409600,51200,26265600,0.00597779,136534,0.00350746,393216,0.00427905,49.3108,0.00405101,135.589,0.00570421
259 ,0,0,0,0,0,0,0,0,0,0,0,0,51200,51200,102400,64000,8000,72000,0,0,0,0,0,0,0,0,0,0,0,0,0,0,0,0,0,0,0,51200,51200,0,0,0,0,0,64000,0.00069646,0,0.000461904,0,0.000137237
260 ,0,0,0,0,0,0,0,0,0,0,0,0,51200,256,51456,8000,40,8040,0,0,0,0,0,0,0,0,0,0,0,0,0,0,0,0,0,0,51200,0,0,256,0,0,51200,0.00131529,51200,0.000557168,10.7746,0.000331935,4.77124,7.52718e-05
261 ,8192,0,8192,16380,0,16380,0,0,0,0,0,0,512,32,544,14,5,19,0,0,0,0,0,0,0,0,0,0,0,0,0,0,0,0,0,0,512,0,8192,32,16416,3.73612e-06,2731,7.01575e-05,49152,0.000534882,74.7404,0.000122817,660.856,0.000556109
262 ,8192,0,8192,16380,0,16380,0,0,0,0,0,0,512,256,768,26,40,66,0,0,0,0,0,0,0,0,0,0,0,0,0,0,0,0,0,0,512,0,8192,256,16640,3.7871e-06,2731,7.01575e-05,49152,0.000534882,75.88,0.000124689,661.18,0.000556382
263 ,0,0,0,0,0,0,0,0,0,0,0,0,204800,51200,256000,32000,8000,40000,0,0,0,0,0,0,0,0,0,0,0,0,0,0,0,0,0,0,102400,0,102400,51200,102400,2.33052e-05,51200,0.00131529,51200,0.000557168,16.4882,0.000507954,22.9535,0.000362118
264 ,0,0,0,0,0,0,0,0,0,0,0,0,51200,51200,102400,8000,64000,72000,0,0,0,0,0,0,0,0,0,0,0,0,0,0,0,0,0,0,51200,0,0,51200,0,0,0,0,64000,0.00069646,0,0.000461904,0,0.000137237
265 ,70656,0,70656,161790,0,161790,0,0,0,0,0,0,870400,102400,972800,47776,24000,71776,0,0,0,0,0,0,0,0,0,0,0,0,0,0,0,0,0,0,531456,0,409600,102400,28364800,0.00645554,136534,0.00350746,423936,0.00461335,61.5258,0.00505451,147.101,0.00618852
266 ,65536,0,65536,131070,0,131070,0,0,0,0,0,0,870400,102400,972800,92576,16000,108576,0,0,0,0,0,0,0,0,0,0,0,0,0,0,0,0,0,0,475136,51200,460800,51200,26265600,0.00597779,136534,0.00350746,393216,0.00427905,54.9333,0.00451292,138.851,0.00584144
267 ,0,0,0,0,0,0,0,0,0,0,0,0,51200,51200,102400,64000,8000,72000,0,0,0,0,0,0,0,0,0,0,0,0,0,0,0,0,0,0,0,51200,51200,0,0,0,0,0,64000,0.00069646,0,0.000461904,0,0.000137237
268 ,0,0,0,0,0,0,0,0,0,0,0,0,51200,51200,102400,8000,8000,16000,0,0,0,0,0,0,0,0,0,0,0,0,0,0,0,0,0,0,0,51200,51200,0,0,0,51200,0.00131529,51200,0.000557168,5.2739,0.000162474,8.699,0.000137237
269 ,0,0,0,0,0,0,0,0,0,0,0,0,51200,51200,102400,8000,64000,72000,0,0,0,0,0,0,0,0,0,0,0,0,0,0,0,0,0,0,0,51200,51200,0,0,0,0,0,64000,0.00069646,0,0.000461904,0,0.000137237
270 ,5120,0,5120,30720,0,30720,0,0,0,0,0,0,51200,51200,102400,16000,16000,32000,0,0,0,0,0,0,0,0,0,0,0,0,0,0,0,0,0,0,51200,0,5120,51200,2099200,0.000477757,51200,0.00131529,51200,0.000557168,31.9924,0.000985594,30.699,0.000484312
271 ,65536,0,65536,131070,0,131070,0,0,0,0,0,0,819200,51200,870400,28576,8000,36576,0,0,0,0,0,0,0,0,0,0,0,0,0,0,0,0,0,0,409600,51200,475136,0,26265600,0.00597779,136534,0.00350746,393216,0.00427905,49.3108,0.00405101,135.589,0.00570421
272 ,0,0,0,0,0,0,0,0,0,0,0,0,51200,51200,102400,64000,8000,72000,0,0,0,0,0,0,0,0,0,0,0,0,0,0,0,0,0,0,51200,0,0,51200,0,0,0,0,64000,0.00069646,0,0.000461904,0,0.000137237
273 ,0,0,0,0,0,0,0,0,0,0,0,0,51200,51200,102400,8000,8000,16000,0,0,0,0,0,0,0,0,0,0,0,0,0,0,0,0,0,0,0,51200,51200,0,0,0,51200,0.00131529,51200,0.000557168,5.2739,0.000162474,8.699,0.000137237
274 ,0,0,0,0,0,0,0,0,0,0,0,0,51200,51200,102400,8000,64000,72000,0,0,0,0,0,0,0,0,0,0,0,0,0,0,0,0,0,0,51200,0,0,51200,0,0,0,0,64000,0.00069646,0,0.000461904,0,0.000137237
275 ,5120,0,5120,30720,0,30720,0,0,0,0,0,0,51200,51200,102400,16000,16000,32000,0,0,0,0,0,0,0,0,0,0,0,0,0,0,0,0,0,0,0,51200,56320,0,2099200,0.000477757,51200,0.00131529,51200,0.000557168,31.9924,0.000985594,30.699,0.000484312
276 ,65536,0,65536,131070,0,131070,0,0,0,0,0,0,819200,51200,870400,28576,8000,36576,0,0,0,0,0,0,0,0,0,0,0,0,0,0,0,0,0,0,475136,0,409600,51200,26265600,0.00597779,136534,0.00350746,393216,0.00427905,49.3108,0.00405101,135.589,0.00570421
277 ,0,0,0,0,0,0,0,0,0,0,0,0,51200,51200,102400,64000,8000,72000,0,0,0,0,0,0,0,0,0,0,0,0,0,0,0,0,0,0,51200,0,0,51200,0,0,0,0,64000,0.00069646,0,0.000461904,0,0.000137237
278 ,0,0,0,0,0,0,0,0,0,0,0,0,51200,51200,102400,8000,8000,16000,0,0,0,0,0,0,0,0,0,0,0,0,0,0,0,0,0,0,0,51200,51200,0,0,0,51200,0.00131529,51200,0.000557168,5.2739,0.000162474,8.699,0.000137237
279 ,0,0,0,0,0,0,0,0,0,0,0,0,51200,51200,102400,8000,64000,72000,0,0,0,0,0,0,0,0,0,0,0,0,0,0,0,0,0,0,0,51200,51200,0,0,0,0,0,64000,0.00069646,0,0.000461904,0,0.000137237
280 ,5120,0,5120,30720,0,30720,0,0,0,0,0,0,51200,51200,102400,16000,16000,32000,0,0,0,0,0,0,0,0,0,0,0,0,0,0,0,0,0,0,5120,51200,51200,0,2099200,0.000477757,51200,0.00131529,51200,0.000557168,31.9924,0.000985594,30.699,0.000484312
281 ,65536,0,65536,131070,0,131070,0,0,0,0,0,0,819200,51200,870400,28576,8000,36576,0,0,0,0,0,0,0,0,0,0,0,0,0,0,0,0,0,0,475136,0,409600,51200,26265600,0.00597779,136534,0.00350746,393216,0.00427905,49.3108,0.00405101,135.589,0.00570421
282 ,0,0,0,0,0,0,0,0,0,0,0,0,51200,51200,102400,64000,8000,72000,0,0,0,0,0,0,0,0,0,0,0,0,0,0,0,0,0,0,0,51200,51200,0,0,0,0,0,64000,0.00069646,0,0.000461904,0,0.000137237
283 ,0,0,0,0,0,0,0,0,0,0,0,0,51200,51200,102400,8000,8000,16000,0,0,0,0,0,0,0,0,0,0,0,0,0,0,0,0,0,0,51200,0,0,51200,0,0,51200,0.00131529,51200,0.000557168,5.2739,0.000162474,8.699,0.000137237
284 ,0,0,0,0,0,0,0,0,0,0,0,0,51200,51200,102400,8000,64000,72000,0,0,0,0,0,0,0,0,0,0,0,0,0,0,0,0,0,0,0,51200,51200,0,0,0,0,0,64000,0.00069646,0,0.000461904,0,0.000137237
285 ,5120,0,5120,30720,0,30720,0,0,0,0,0,0,51200,51200,102400,16000,16000,32000,0,0,0,0,0,0,0,0,0,0,0,0,0,0,0,0,0,0,5120,51200,51200,0,2099200,0.000477757,51200,0.00131529,51200,0.000557168,31.9924,0.000985594,30.699,0.000484312
286 ,65536,0,65536,131070,0,131070,0,0,0,0,0,0,819200,51200,870400,28576,8000,36576,0,0,0,0,0,0,0,0,0,0,0,0,0,0,0,0,0,0,409600,51200,475136,0,26265600,0.00597779,136534,0.00350746,393216,0.00427905,49.3108,0.00405101,135.589,0.00570421
287 ,0,0,0,0,0,0,0,0,0,0,0,0,51200,51200,102400,64000,8000,72000,0,0,0,0,0,0,0,0,0,0,0,0,0,0,0,0,0,0,0,51200,51200,0,0,0,0,0,64000,0.00069646,0,0.000461904,0,0.000137237
288 ,0,0,0,0,0,0,0,0,0,0,0,0,51200,256,51456,8000,40,8040,0,0,0,0,0,0,0,0,0,0,0,0,0,0,0,0,0,0,51200,0,0,256,0,0,51200,0.00131529,51200,0.000557168,10.7746,0.000331935,4.77124,7.52718e-05
289 ,8192,0,8192,16380,0,16380,0,0,0,0,0,0,512,32,544,14,5,19,0,0,0,0,0,0,0,0,0,0,0,0,0,0,0,0,0,0,8192,32,512,0,16416,3.73612e-06,2731,7.01575e-05,49152,0.000534882,74.7404,0.000122817,660.856,0.000556109
290 ,8192,0,8192,16380,0,16380,0,0,0,0,0,0,512,256,768,26,40,66,0,0,0,0,0,0,0,0,0,0,0,0,0,0,0,0,0,0,8192,256,512,0,16640,3.7871e-06,2731,7.01575e-05,49152,0.000534882,75.88,0.000124689,661.18,0.000556382
291 ,0,0,0,0,0,0,0,0,0,0,0,0,204800,51200,256000,32000,8000,40000,0,0,0,0,0,0,0,0,0,0,0,0,0,0,0,0,0,0,102400,0,102400,51200,102400,2.33052e-05,51200,0.00131529,51200,0.000557168,16.4882,0.000507954,22.9535,0.000362118
292 ,0,0,0,0,0,0,0,0,0,0,0,0,51200,51200,102400,8000,64000,72000,0,0,0,0,0,0,0,0,0,0,0,0,0,0,0,0,0,0,0,51200,51200,0,0,0,0,0,64000,0.00069646,0,0.000461904,0,0.000137237
293 ,70656,0,70656,161790,0,161790,0,0,0,0,0,0,870400,102400,972800,47776,24000,71776,0,0,0,0,0,0,0,0,0,0,0,0,0,0,0,0,0,0,460800,51200,480256,51200,28364800,0.00645554,136534,0.00350746,423936,0.00461335,61.5258,0.00505451,147.101,0.00618852
294 ,65536,0,65536,131070,0,131070,0,0,0,0,0,0,870400,102400,972800,92576,16000,108576,0,0,0,0,0,0,0,0,0,0,0,0,0,0,0,0,0,0,409600,102400,526336,0,26265600,0.00597779,136534,0.00350746,393216,0.00427905,54.9333,0.00451292,138.851,0.00584144
295 ,0,0,0,0,0,0,0,0,0,0,0,0,51200,51200,102400,64000,8000,72000,0,0,0,0,0,0,0,0,0,0,0,0,0,0,0,0,0,0,51200,0,0,51200,0,0,0,0,64000,0.00069646,0,0.000461904,0,0.000137237
296 ,0,0,0,0,0,0,0,0,0,0,0,0,51200,51200,102400,8000,8000,16000,0,0,0,0,0,0,0,0,0,0,0,0,0,0,0,0,0,0,51200,0,0,51200,0,0,51200,0.00131529,51200,0.000557168,5.2739,0.000162474,8.699,0.000137237
297 ,0,0,0,0,0,0,0,0,0,0,0,0,51200,51200,102400,8000,64000,72000,0,0,0,0,0,0,0,0,0,0,0,0,0,0,0,0,0,0,0,51200,51200,0,0,0,0,0,64000,0.00069646,0,0.000461904,0,0.000137237
298 ,5120,0,5120,30720,0,30720,0,0,0,0,0,0,51200,51200,102400,16000,16000,32000,0,0,0,0,0,0,0,0,0,0,0,0,0,0,0,0,0,0,0,51200,56320,0,2099200,0.000477757,51200,0.00131529,51200,0.000557168,31.9924,0.000985594,30.699,0.000484312
299 ,65536,0,65536,131070,0,131070,0,0,0,0,0,0,819200,51200,870400,28576,8000,36576,0,0,0,0,0,0,0,0,0,0,0,0,0,0,0,0,0,0,409600,51200,475136,0,26265600,0.00597779,136534,0.00350746,393216,0.00427905,49.3108,0.00405101,135.589,0.00570421
300 ,0,0,0,0,0,0,0,0,0,0,0,0,51200,51200,102400,64000,8000,72000,0,0,0,0,0,0,0,0,0,0,0,0,0,0,0,0,0,0,51200,0,0,51200,0,0,0,0,64000,0.00069646,0,0.000461904,0,0.000137237
301 ,0,0,0,0,0,0,0,0,0,0,0,0,51200,51200,102400,8000,8000,16000,0,0,0,0,0,0,0,0,0,0,0,0,0,0,0,0,0,0,0,51200,51200,0,0,0,51200,0.00131529,51200,0.000557168,5.2739,0.000162474,8.699,0.000137237
302 ,0,0,0,0,0,0,0,0,0,0,0,0,51200,51200,102400,8000,64000,72000,0,0,0,0,0,0,0,0,0,0,0,0,0,0,0,0,0,0,51200,0,0,51200,0,0,0,0,64000,0.00069646,0,0.000461904,0,0.000137237
303 ,5120,0,5120,30720,0,30720,0,0,0,0,0,0,51200,51200,102400,16000,16000,32000,0,0,0,0,0,0,0,0,0,0,0,0,0,0,0,0,0,0,0,51200,56320,0,2099200,0.000477757,51200,0.00131529,51200,0.000557168,31.9924,0.000985594,30.699,0.000484312
304 ,65536,0,65536,131070,0,131070,0,0,0,0,0,0,819200,51200,870400,28576,8000,36576,0,0,0,0,0,0,0,0,0,0,0,0,0,0,0,0,0,0,409600,51200,475136,0,26265600,0.00597779,136534,0.00350746,393216,0.00427905,49.3108,0.00405101,135.589,0.00570421
305 ,0,0,0,0,0,0,0,0,0,0,0,0,51200,51200,102400,64000,8000,72000,0,0,0,0,0,0,0,0,0,0,0,0,0,0,0,0,0,0,0,51200,51200,0,0,0,0,0,64000,0.00069646,0,0.000461904,0,0.000137237
306 ,0,0,0,0,0,0,0,0,0,0,0,0,51200,51200,102400,8000,8000,16000,0,0,0,0,0,0,0,0,0,0,0,0,0,0,0,0,0,0,51200,0,0,51200,0,0,51200,0.00131529,51200,0.000557168,5.2739,0.000162474,8.699,0.000137237
307 ,0,0,0,0,0,0,0,0,0,0,0,0,51200,51200,102400,8000,64000,72000,0,0,0,0,0,0,0,0,0,0,0,0,0,0,0,0,0,0,0,51200,51200,0,0,0,0,0,64000,0.00069646,0,0.000461904,0,0.000137237
308 ,5120,0,5120,30720,0,30720,0,0,0,0,0,0,51200,51200,102400,16000,16000,32000,0,0,0,0,0,0,0,0,0,0,0,0,0,0,0,0,0,0,51200,0,5120,51200,2099200,0.000477757,51200,0.00131529,51200,0.000557168,31.9924,0.000985594,30.699,0.000484312
309 ,65536,0,65536,131070,0,131070,0,0,0,0,0,0,819200,51200,870400,28576,8000,36576,0,0,0,0,0,0,0,0,0,0,0,0,0,0,0,0,0,0,409600,51200,475136,0,26265600,0.00597779,136534,0.00350746,393216,0.00427905,49.3108,0.00405101,135.589,0.00570421
310 ,0,0,0,0,0,0,0,0,0,0,0,0,51200,51200,102400,64000,8000,72000,0,0,0,0,0,0,0,0,0,0,0,0,0,0,0,0,0,0,51200,0,0,51200,0,0,0,0,64000,0.00069646,0,0.000461904,0,0.000137237
311 ,0,0,0,0,0,0,0,0,0,0,0,0,51200,51200,102400,8000,8000,16000,0,0,0,0,0,0,0,0,0,0,0,0,0,0,0,0,0,0,51200,0,0,51200,0,0,51200,0.00131529,51200,0.000557168,5.2739,0.000162474,8.699,0.000137237
312 ,0,0,0,0,0,0,0,0,0,0,0,0,51200,51200,102400,8000,64000,72000,0,0,0,0,0,0,0,0,0,0,0,0,0,0,0,0,0,0,0,51200,51200,0,0,0,0,0,64000,0.00069646,0,0.000461904,0,0.000137237
313 ,5120,0,5120,30720,0,30720,0,0,0,0,0,0,51200,51200,102400,16000,16000,32000,0,0,0,0,0,0,0,0,0,0,0,0,0,0,0,0,0,0,5120,51200,51200,0,2099200,0.000477757,51200,0.00131529,51200,0.000557168,31.9924,0.000985594,30.699,0.000484312
314 ,65536,0,65536,131070,0,131070,0,0,0,0,0,0,819200,51200,870400,28576,8000,36576,0,0,0,0,0,0,0,0,0,0,0,0,0,0,0,0,0,0,409600,51200,475136,0,26265600,0.00597779,136534,0.00350746,393216,0.00427905,49.3108,0.00405101,135.589,0.00570421
315 ,0,0,0,0,0,0,0,0,0,0,0,0,51200,51200,102400,64000,8000,72000,0,0,0,0,0,0,0,0,0,0,0,0,0,0,0,0,0,0,0,51200,51200,0,0,0,0,0,64000,0.00069646,0,0.000461904,0,0.000137237
316 ,0,0,0,0,0,0,0,0,0,0,0,0,51200,256,51456,8000,40,8040,0,0,0,0,0,0,0,0,0,0,0,0,0,0,0,0,0,0,51200,0,0,256,0,0,51200,0.00131529,51200,0.000557168,10.7746,0.000331935,4.77124,7.52718e-05
317 ,8192,0,8192,16380,0,16380,0,0,0,0,0,0,512,32,544,14,5,19,0,0,0,0,0,0,0,0,0,0,0,0,0,0,0,0,0,0,8192,32,512,0,16416,3.73612e-06,2731,7.01575e-05,49152,0.000534882,74.7404,0.000122817,660.856,0.000556109
318 ,8192,0,8192,16380,0,16380,0,0,0,0,0,0,512,256,768,26,40,66,0,0,0,0,0,0,0,0,0,0,0,0,0,0,0,0,0,0,8192,256,512,0,16640,3.7871e-06,2731,7.01575e-05,49152,0.000534882,75.88,0.000124689,661.18,0.000556382
319 ,0,0,0,0,0,0,0,0,0,0,0,0,204800,51200,256000,32000,8000,40000,0,0,0,0,0,0,0,0,0,0,0,0,0,0,0,0,0,0,102400,51200,102400,0,102400,2.33052e-05,51200,0.00131529,51200,0.000557168,16.4882,0.000507954,22.9535,0.000362118
320 ,0,0,0,0,0,0,0,0,0,0,0,0,51200,51200,102400,8000,64000,72000,0,0,0,0,0,0,0,0,0,0,0,0,0,0,0,0,0,0,51200,0,0,51200,0,0,0,0,64000,0.00069646,0,0.000461904,0,0.000137237
321 ,70656,0,70656,161790,0,161790,0,0,0,0,0,0,870400,102400,972800,47776,24000,71776,0,0,0,0,0,0,0,0,0,0,0,0,0,0,0,0,0,0,460800,51200,480256,51200,28364800,0.00645554,136534,0.00350746,423936,0.00461335,61.5258,0.00505451,147.101,0.00618852
322 ,65536,0,65536,131070,0,131070,0,0,0,0,0,0,870400,102400,972800,92576,16000,108576,0,0,0,0,0,0,0,0,0,0,0,0,0,0,0,0,0,0,460800,51200,475136,51200,26265600,0.00597779,136534,0.00350746,393216,0.00427905,54.9333,0.00451292,138.851,0.00584144
323 ,0,0,0,0,0,0,0,0,0,0,0,0,51200,51200,102400,64000,8000,72000,0,0,0,0,0,0,0,0,0,0,0,0,0,0,0,0,0,0,0,51200,51200,0,0,0,0,0,64000,0.00069646,0,0.000461904,0,0.000137237
324 ,0,0,0,0,0,0,0,0,0,0,0,0,51200,51200,102400,8000,8000,16000,0,0,0,0,0,0,0,0,0,0,0,0,0,0,0,0,0,0,51200,0,0,51200,0,0,51200,0.00131529,51200,0.000557168,5.2739,0.000162474,8.699,0.000137237
325 ,0,0,0,0,0,0,0,0,0,0,0,0,51200,51200,102400,8000,64000,72000,0,0,0,0,0,0,0,0,0,0,0,0,0,0,0,0,0,0,0,51200,51200,0,0,0,0,0,64000,0.00069646,0,0.000461904,0,0.000137237
326 ,5120,0,5120,30720,0,30720,0,0,0,0,0,0,51200,51200,102400,16000,16000,32000,0,0,0,0,0,0,0,0,0,0,0,0,0,0,0,0,0,0,56320,0,0,51200,2099200,0.000477757,51200,0.00131529,51200,0.000557168,31.9924,0.000985594,30.699,0.000484312
327 ,65536,0,65536,131070,0,131070,0,0,0,0,0,0,819200,51200,870400,28576,8000,36576,0,0,0,0,0,0,0,0,0,0,0,0,0,0,0,0,0,0,475136,0,409600,51200,26265600,0.00597779,136534,0.00350746,393216,0.00427905,49.3108,0.00405101,135.589,0.00570421
328 ,0,0,0,0,0,0,0,0,0,0,0,0,51200,51200,102400,64000,8000,72000,0,0,0,0,0,0,0,0,0,0,0,0,0,0,0,0,0,0,0,51200,51200,0,0,0,0,0,64000,0.00069646,0,0.000461904,0,0.000137237
329 ,0,0,0,0,0,0,0,0,0,0,0,0,51200,51200,102400,8000,8000,16000,0,0,0,0,0,0,0,0,0,0,0,0,0,0,0,0,0,0,0,51200,51200,0,0,0,51200,0.00131529,51200,0.000557168,5.2739,0.000162474,8.699,0.000137237
330 ,0,0,0,0,0,0,0,0,0,0,0,0,51200,51200,102400,8000,64000,72000,0,0,0,0,0,0,0,0,0,0,0,0,0,0,0,0,0,0,51200,0,0,51200,0,0,0,0,64000,0.00069646,0,0.000461904,0,0.000137237
331 ,5120,0,5120,30720,0,30720,0,0,0,0,0,0,51200,51200,102400,16000,16000,32000,0,0,0,0,0,0,0,0,0,0,0,0,0,0,0,0,0,0,5120,51200,51200,0,2099200,0.000477757,51200,0.00131529,51200,0.000557168,31.9924,0.000985594,30.699,0.000484312
332 ,65536,0,65536,131070,0,131070,0,0,0,0,0,0,819200,51200,870400,28576,8000,36576,0,0,0,0,0,0,0,0,0,0,0,0,0,0,0,0,0,0,475136,0,409600,51200,26265600,0.00597779,136534,0.00350746,393216,0.00427905,49.3108,0.00405101,135.589,0.00570421
333 ,0,0,0,0,0,0,0,0,0,0,0,0,51200,51200,102400,64000,8000,72000,0,0,0,0,0,0,0,0,0,0,0,0,0,0,0,0,0,0,51200,0,0,51200,0,0,0,0,64000,0.00069646,0,0.000461904,0,0.000137237
334 ,0,0,0,0,0,0,0,0,0,0,0,0,51200,51200,102400,8000,8000,16000,0,0,0,0,0,0,0,0,0,0,0,0,0,0,0,0,0,0,0,51200,51200,0,0,0,51200,0.00131529,51200,0.000557168,5.2739,0.000162474,8.699,0.000137237
335 ,0,0,0,0,0,0,0,0,0,0,0,0,51200,51200,102400,8000,64000,72000,0,0,0,0,0,0,0,0,0,0,0,0,0,0,0,0,0,0,51200,0,0,51200,0,0,0,0,64000,0.00069646,0,0.000461904,0,0.000137237
336 ,5120,0,5120,30720,0,30720,0,0,0,0,0,0,51200,51200,102400,16000,16000,32000,0,0,0,0,0,0,0,0,0,0,0,0,0,0,0,0,0,0,51200,0,5120,51200,2099200,0.000477757,51200,0.00131529,51200,0.000557168,31.9924,0.000985594,30.699,0.000484312
337 ,65536,0,65536,131070,0,131070,0,0,0,0,0,0,819200,51200,870400,28576,8000,36576,0,0,0,0,0,0,0,0,0,0,0,0,0,0,0,0,0,0,409600,51200,475136,0,26265600,0.00597779,136534,0.00350746,393216,0.00427905,49.3108,0.00405101,135.589,0.00570421
338 ,0,0,0,0,0,0,0,0,0,0,0,0,51200,51200,102400,64000,8000,72000,0,0,0,0,0,0,0,0,0,0,0,0,0,0,0,0,0,0,0,51200,51200,0,0,0,0,0,64000,0.00069646,0,0.000461904,0,0.000137237
339 ,0,0,0,0,0,0,0,0,0,0,0,0,51200,51200,102400,8000,8000,16000,0,0,0,0,0,0,0,0,0,0,0,0,0,0,0,0,0,0,0,51200,51200,0,0,0,51200,0.00131529,51200,0.000557168,5.2739,0.000162474,8.699,0.000137237
340 ,0,0,0,0,0,0,0,0,0,0,0,0,51200,51200,102400,8000,64000,72000,0,0,0,0,0,0,0,0,0,0,0,0,0,0,0,0,0,0,0,51200,51200,0,0,0,0,0,64000,0.00069646,0,0.000461904,0,0.000137237
341 ,5120,0,5120,30720,0,30720,0,0,0,0,0,0,51200,51200,102400,16000,16000,32000,0,0,0,0,0,0,0,0,0,0,0,0,0,0,0,0,0,0,0,51200,56320,0,2099200,0.000477757,51200,0.00131529,51200,0.000557168,31.9924,0.000985594,30.699,0.000484312
342 ,65536,0,65536,131070,0,131070,0,0,0,0,0,0,819200,51200,870400,28576,8000,36576,0,0,0,0,0,0,0,0,0,0,0,0,0,0,0,0,0,0,475136,0,409600,51200,26265600,0.00597779,136534,0.00350746,393216,0.00427905,49.3108,0.00405101,135.589,0.00570421
343 ,0,0,0,0,0,0,0,0,0,0,0,0,51200,51200,102400,64000,8000,72000,0,0,0,0,0,0,0,0,0,0,0,0,0,0,0,0,0,0,51200,0,0,51200,0,0,0,0,64000,0.00069646,0,0.000461904,0,0.000137237
344 ,0,0,0,0,0,0,0,0,0,0,0,0,51200,256,51456,8000,40,8040,0,0,0,0,0,0,0,0,0,0,0,0,0,0,0,0,0,0,0,256,51200,0,0,0,51200,0.00131529,51200,0.000557168,10.7746,0.000331935,4.77124,7.52718e-05
345 ,8192,0,8192,16380,0,16380,0,0,0,0,0,0,512,32,544,14,5,19,0,0,0,0,0,0,0,0,0,0,0,0,0,0,0,0,0,0,512,0,8192,32,16416,3.73612e-06,2731,7.01575e-05,49152,0.000534882,74.7404,0.000122817,660.856,0.000556109
346 ,8192,0,8192,16380,0,16380,0,0,0,0,0,0,512,256,768,26,40,66,0,0,0,0,0,0,0,0,0,0,0,0,0,0,0,0,0,0,512,0,8192,256,16640,3.7871e-06,2731,7.01575e-05,49152,0.000534882,75.88,0.000124689,661.18,0.000556382
347 ,0,0,0,0,0,0,0,0,0,0,0,0,204800,51200,256000,32000,8000,40000,0,0,0,0,0,0,0,0,0,0,0,0,0,0,0,0,0,0,102400,0,102400,51200,102400,2.33052e-05,51200,0.00131529,51200,0.000557168,16.4882,0.000507954,22.9535,0.000362118
348 ,1792,0,1792,10752,0,10752,0,0,0,0,0,0,102400,153600,256000,16000,12000,28000,0,51200,51200,0,128000,128000,0,0,0,0,0,0,0,0,0,0,0,0,52480,102400,51712,102400,716800,0.000163136,51200,0.00131529,128000,0.00139292,54.738,0.00168632,32.8758,0.000518653
349 ,65536,0,65536,131070,0,131070,0,0,0,0,0,0,204800,153600,358400,16000,16000,32000,819200,0,819200,57152,0,57152,0,0,0,0,0,0,0,0,0,0,0,0,577536,51200,512000,102400,26316800,0.00598944,136534,0.00350746,393216,0.00427905,54.1005,0.0044445,143.153,0.00602246
350 ,0,0,0,0,0,0,0,0,0,0,0,0,204800,51200,256000,16000,64000,80000,0,0,0,0,0,0,0,0,0,0,0,0,0,0,0,0,0,0,102400,51200,102400,0,102400,2.33052e-05,51200,0.00131529,64000,0.00069646,24.6085,0.000758118,22.9535,0.000362118
351 ,65536,0,65536,131070,0,131070,0,0,0,0,0,0,870400,102400,972800,92576,16000,108576,0,0,0,0,0,0,0,0,0,0,0,0,0,0,0,0,0,0,526336,0,409600,102400,26265600,0.00597779,136534,0.00350746,393216,0.00427905,54.9333,0.00451292,138.851,0.00584144
352 ,0,0,0,0,0,0,0,0,0,0,0,0,51200,51200,102400,64000,8000,72000,0,0,0,0,0,0,0,0,0,0,0,0,0,0,0,0,0,0,0,51200,51200,0,0,0,0,0,64000,0.00069646,0,0.000461904,0,0.000137237
353 ,1792,0,1792,10752,0,10752,0,0,0,0,0,0,51200,153600,204800,8000,12000,20000,0,0,0,0,0,0,0,0,0,0,0,0,0,0,0,0,0,0,52224,51200,768,102400,716800,0.000163136,51200,0.00131529,51200,0.000557168,28.3591,0.000873661,24.294,0.000383266
354 ,0,0,0,0,0,0,0,0,0,0,0,0,204800,102400,307200,16000,8000,24000,0,0,0,0,0,0,0,0,0,0,0,0,0,0,0,0,0,0,102400,0,102400,102400,51200,1.16526e-05,51200,0.00131529,51200,0.000557168,7.06998,0.000217806,26.901,0.000424394
355 ,0,0,0,0,0,0,0,0,0,0,0,0,204800,51200,256000,16000,64000,80000,0,0,0,0,0,0,0,0,0,0,0,0,0,0,0,0,0,0,102400,51200,102400,0,102400,2.33052e-05,51200,0.00131529,64000,0.00069646,24.6085,0.000758118,22.9535,0.000362118
356 ,65536,0,65536,131070,0,131070,0,0,0,0,0,0,819200,51200,870400,28576,8000,36576,0,0,0,0,0,0,0,0,0,0,0,0,0,0,0,0,0,0,475136,0,409600,51200,26265600,0.00597779,136534,0.00350746,393216,0.00427905,49.3108,0.00405101,135.589,0.00570421
357 ,0,0,0,0,0,0,0,0,0,0,0,0,51200,51200,102400,64000,8000,72000,0,0,0,0,0,0,0,0,0,0,0,0,0,0,0,0,0,0,51200,0,0,51200,0,0,0,0,64000,0.00069646,0,0.000461904,0,0.000137237
358 ,1792,0,1792,10752,0,10752,0,0,0,0,0,0,51200,153600,204800,8000,12000,20000,0,0,0,0,0,0,0,0,0,0,0,0,0,0,0,0,0,0,51968,51200,1024,102400,716800,0.000163136,51200,0.00131529,51200,0.000557168,28.3591,0.000873661,24.294,0.000383266
359 ,0,0,0,0,0,0,0,0,0,0,0,0,204800,102400,307200,16000,8000,24000,0,0,0,0,0,0,0,0,0,0,0,0,0,0,0,0,0,0,102400,102400,102400,0,51200,1.16526e-05,51200,0.00131529,51200,0.000557168,7.06998,0.000217806,26.901,0.000424394
360 ,0,0,0,0,0,0,0,0,0,0,0,0,204800,51200,256000,16000,64000,80000,0,0,0,0,0,0,0,0,0,0,0,0,0,0,0,0,0,0,102400,51200,102400,0,102400,2.33052e-05,51200,0.00131529,64000,0.00069646,24.6085,0.000758118,22.9535,0.000362118
361 ,65536,0,65536,131070,0,131070,0,0,0,0,0,0,819200,51200,870400,28576,8000,36576,0,0,0,0,0,0,0,0,0,0,0,0,0,0,0,0,0,0,475136,0,409600,51200,26265600,0.00597779,136534,0.00350746,393216,0.00427905,49.3108,0.00405101,135.589,0.00570421
362 ,0,0,0,0,0,0,0,0,0,0,0,0,51200,51200,102400,64000,8000,72000,0,0,0,0,0,0,0,0,0,0,0,0,0,0,0,0,0,0,0,51200,51200,0,0,0,0,0,64000,0.00069646,0,0.000461904,0,0.000137237
363 ,1792,0,1792,10752,0,10752,0,0,0,0,0,0,51200,153600,204800,8000,12000,20000,0,0,0,0,0,0,0,0,0,0,0,0,0,0,0,0,0,0,52224,51200,768,102400,716800,0.000163136,51200,0.00131529,51200,0.000557168,28.3591,0.000873661,24.294,0.000383266
364 ,0,0,0,0,0,0,0,0,0,0,0,0,204800,102400,307200,16000,8000,24000,0,0,0,0,0,0,0,0,0,0,0,0,0,0,0,0,0,0,0,102400,204800,0,51200,1.16526e-05,51200,0.00131529,51200,0.000557168,7.06998,0.000217806,26.901,0.000424394
365 ,0,0,0,0,0,0,0,0,0,0,0,0,204800,51200,256000,16000,64000,80000,0,0,0,0,0,0,0,0,0,0,0,0,0,0,0,0,0,0,102400,0,102400,51200,102400,2.33052e-05,51200,0.00131529,64000,0.00069646,24.6085,0.000758118,22.9535,0.000362118
366 ,65536,0,65536,131070,0,131070,0,0,0,0,0,0,819200,51200,870400,28576,8000,36576,0,0,0,0,0,0,0,0,0,0,0,0,0,0,0,0,0,0,475136,0,409600,51200,26265600,0.00597779,136534,0.00350746,393216,0.00427905,49.3108,0.00405101,135.589,0.00570421
367 ,0,0,0,0,0,0,0,0,0,0,0,0,51200,51200,102400,64000,8000,72000,0,0,0,0,0,0,0,0,0,0,0,0,0,0,0,0,0,0,0,51200,51200,0,0,0,0,0,64000,0.00069646,0,0.000461904,0,0.000137237
368 ,1792,0,1792,10752,0,10752,0,0,0,0,0,0,51200,153600,204800,8000,12000,20000,0,0,0,0,0,0,0,0,0,0,0,0,0,0,0,0,0,0,52224,51200,768,102400,716800,0.000163136,51200,0.00131529,51200,0.000557168,28.3591,0.000873661,24.294,0.000383266
369 ,0,0,0,0,0,0,0,0,0,0,0,0,204800,102400,307200,16000,8000,24000,0,0,0,0,0,0,0,0,0,0,0,0,0,0,0,0,0,0,102400,102400,102400,0,51200,1.16526e-05,51200,0.00131529,51200,0.000557168,7.06998,0.000217806,26.901,0.000424394
370 ,0,0,0,0,0,0,0,0,0,0,0,0,204800,51200,256000,16000,64000,80000,0,0,0,0,0,0,0,0,0,0,0,0,0,0,0,0,0,0,102400,0,102400,51200,102400,2.33052e-05,51200,0.00131529,64000,0.00069646,24.6085,0.000758118,22.9535,0.000362118
371 ,65536,0,65536,131070,0,131070,0,0,0,0,0,0,819200,51200,870400,28576,8000,36576,0,0,0,0,0,0,0,0,0,0,0,0,0,0,0,0,0,0,409600,51200,475136,0,26265600,0.00597779,136534,0.00350746,393216,0.00427905,49.3108,0.00405101,135.589,0.00570421
372 ,0,0,0,0,0,0,0,0,0,0,0,0,51200,51200,102400,64000,8000,72000,0,0,0,0,0,0,0,0,0,0,0,0,0,0,0,0,0,0,0,51200,51200,0,0,0,0,0,64000,0.00069646,0,0.000461904,0,0.000137237
373 ,0,0,0,0,0,0,0,0,0,0,0,0,51200,256,51456,8000,40,8040,0,0,0,0,0,0,0,0,0,0,0,0,0,0,0,0,0,0,0,256,51200,0,0,0,51200,0.00131529,51200,0.000557168,10.7746,0.000331935,4.77124,7.52718e-05
374 ,8192,0,8192,16380,0,16380,0,0,0,0,0,0,512,32,544,14,5,19,0,0,0,0,0,0,0,0,0,0,0,0,0,0,0,0,0,0,512,0,8192,32,16416,3.73612e-06,2731,7.01575e-05,49152,0.000534882,74.7404,0.000122817,660.856,0.000556109
375 ,8192,0,8192,16380,0,16380,0,0,0,0,0,0,512,256,768,26,40,66,0,0,0,0,0,0,0,0,0,0,0,0,0,0,0,0,0,0,8192,256,512,0,16640,3.7871e-06,2731,7.01575e-05,49152,0.000534882,75.88,0.000124689,661.18,0.000556382
376 ,0,0,0,0,0,0,0,0,0,0,0,0,204800,51200,256000,32000,8000,40000,0,0,0,0,0,0,0,0,0,0,0,0,0,0,0,0,0,0,153600,0,51200,51200,102400,2.33052e-05,51200,0.00131529,51200,0.000557168,16.4882,0.000507954,22.9535,0.000362118
377 ,1792,0,1792,10752,0,10752,0,0,0,0,0,0,102400,153600,256000,16000,12000,28000,0,51200,51200,0,128000,128000,0,0,0,0,0,0,0,0,0,0,0,0,102912,51200,1280,153600,716800,0.000163136,51200,0.00131529,128000,0.00139292,54.738,0.00168632,32.8758,0.000518653
378 ,65536,0,65536,393216,0,393216,0,0,0,0,0,0,409600,332800,742400,32000,26000,58000,51200,0,51200,9600,0,9600,0,0,0,0,0,0,0,0,0,0,0,0,230400,102400,295936,25600,13158400,0.00299472,102400,0.00263058,393216,0.00427905,98.9283,0.00609539,174.801,0.00551537
379 ,0,0,0,0,0,0,0,0,0,0,0,0,204800,51200,256000,16000,64000,80000,0,0,0,0,0,0,0,0,0,0,0,0,0,0,0,0,0,0,102400,0,102400,51200,102400,2.33052e-05,51200,0.00131529,64000,0.00069646,24.6085,0.000758118,22.9535,0.000362118
380 ,65536,0,65536,131070,0,131070,0,0,0,0,0,0,870400,76800,947200,32576,12000,44576,0,0,0,0,0,0,0,0,0,0,0,0,0,0,0,0,0,0,526336,0,409600,76800,26291200,0.00598361,136534,0.00350746,393216,0.00427905,51.0374,0.00419286,138.111,0.00581031
381 ,0,0,0,0,0,0,0,0,0,0,0,0,76800,76800,153600,96000,12000,108000,0,0,0,0,0,0,0,0,0,0,0,0,0,0,0,0,0,0,25600,51200,51200,25600,0,0,0,0,96000,0.00104469,0,0.000692856,0,0.000205855
382 ,1792,0,1792,10752,0,10752,0,0,0,0,0,0,51200,153600,204800,8000,12000,20000,0,0,0,0,0,0,0,0,0,0,0,0,0,0,0,0,0,0,52224,51200,768,102400,716800,0.000163136,51200,0.00131529,51200,0.000557168,28.3591,0.000873661,24.294,0.000383266
383 ,0,0,0,0,0,0,0,0,0,0,0,0,204800,102400,307200,16000,8000,24000,0,0,0,0,0,0,0,0,0,0,0,0,0,0,0,0,0,0,102400,102400,102400,0,51200,1.16526e-05,51200,0.00131529,51200,0.000557168,7.06998,0.000217806,26.901,0.000424394
384 ,0,0,0,0,0,0,0,0,0,0,0,0,204800,51200,256000,16000,64000,80000,0,0,0,0,0,0,0,0,0,0,0,0,0,0,0,0,0,0,102400,0,102400,51200,102400,2.33052e-05,51200,0.00131529,64000,0.00069646,24.6085,0.000758118,22.9535,0.000362118
385 ,65536,0,65536,131070,0,131070,0,0,0,0,0,0,819200,51200,870400,28576,8000,36576,0,0,0,0,0,0,0,0,0,0,0,0,0,0,0,0,0,0,409600,51200,475136,0,26265600,0.00597779,136534,0.00350746,393216,0.00427905,49.3108,0.00405101,135.589,0.00570421
386 ,0,0,0,0,0,0,0,0,0,0,0,0,51200,51200,102400,64000,8000,72000,0,0,0,0,0,0,0,0,0,0,0,0,0,0,0,0,0,0,0,51200,51200,0,0,0,0,0,64000,0.00069646,0,0.000461904,0,0.000137237
387 ,1792,0,1792,10752,0,10752,0,0,0,0,0,0,51200,153600,204800,8000,12000,20000,0,0,0,0,0,0,0,0,0,0,0,0,0,0,0,0,0,0,51968,51200,1024,102400,716800,0.000163136,51200,0.00131529,51200,0.000557168,28.3591,0.000873661,24.294,0.000383266
388 ,0,0,0,0,0,0,0,0,0,0,0,0,204800,102400,307200,16000,8000,24000,0,0,0,0,0,0,0,0,0,0,0,0,0,0,0,0,0,0,0,102400,204800,0,51200,1.16526e-05,51200,0.00131529,51200,0.000557168,7.06998,0.000217806,26.901,0.000424394
389 ,0,0,0,0,0,0,0,0,0,0,0,0,204800,51200,256000,16000,64000,80000,0,0,0,0,0,0,0,0,0,0,0,0,0,0,0,0,0,0,102400,51200,102400,0,102400,2.33052e-05,51200,0.00131529,64000,0.00069646,24.6085,0.000758118,22.9535,0.000362118
390 ,65536,0,65536,131070,0,131070,0,0,0,0,0,0,819200,51200,870400,28576,8000,36576,0,0,0,0,0,0,0,0,0,0,0,0,0,0,0,0,0,0,409600,51200,475136,0,26265600,0.00597779,136534,0.00350746,393216,0.00427905,49.3108,0.00405101,135.589,0.00570421
391 ,0,0,0,0,0,0,0,0,0,0,0,0,51200,51200,102400,64000,8000,72000,0,0,0,0,0,0,0,0,0,0,0,0,0,0,0,0,0,0,0,51200,51200,0,0,0,0,0,64000,0.00069646,0,0.000461904,0,0.000137237
392 ,1792,0,1792,10752,0,10752,0,0,0,0,0,0,51200,153600,204800,8000,12000,20000,0,0,0,0,0,0,0,0,0,0,0,0,0,0,0,0,0,0,1024,102400,51968,51200,716800,0.000163136,51200,0.00131529,51200,0.000557168,28.3591,0.000873661,24.294,0.000383266
393 ,0,0,0,0,0,0,0,0,0,0,0,0,204800,102400,307200,16000,8000,24000,0,0,0,0,0,0,0,0,0,0,0,0,0,0,0,0,0,0,0,102400,204800,0,51200,1.16526e-05,51200,0.00131529,51200,0.000557168,7.06998,0.000217806,26.901,0.000424394
394 ,0,0,0,0,0,0,0,0,0,0,0,0,204800,51200,256000,16000,64000,80000,0,0,0,0,0,0,0,0,0,0,0,0,0,0,0,0,0,0,102400,51200,102400,0,102400,2.33052e-05,51200,0.00131529,64000,0.00069646,24.6085,0.000758118,22.9535,0.000362118
395 ,65536,0,65536,131070,0,131070,0,0,0,0,0,0,819200,51200,870400,28576,8000,36576,0,0,0,0,0,0,0,0,0,0,0,0,0,0,0,0,0,0,475136,0,409600,51200,26265600,0.00597779,136534,0.00350746,393216,0.00427905,49.3108,0.00405101,135.589,0.00570421
396 ,0,0,0,0,0,0,0,0,0,0,0,0,51200,51200,102400,64000,8000,72000,0,0,0,0,0,0,0,0,0,0,0,0,0,0,0,0,0,0,51200,0,0,51200,0,0,0,0,64000,0.00069646,0,0.000461904,0,0.000137237
397 ,0,0,0,0,0,0,0,0,0,0,0,0,51200,51200,102400,8000,8000,16000,0,0,0,0,0,0,0,0,0,0,0,0,0,0,0,0,0,0,0,51200,51200,0,0,0,51200,0.00131529,51200,0.000557168,5.2739,0.000162474,8.699,0.000137237
398 ,0,0,0,0,0,0,0,0,0,0,0,0,51200,51200,102400,8000,64000,72000,0,0,0,0,0,0,0,0,0,0,0,0,0,0,0,0,0,0,51200,0,0,51200,0,0,0,0,64000,0.00069646,0,0.000461904,0,0.000137237
399 ,3584,0,3584,21504,0,21504,0,0,0,0,0,0,51200,25600,76800,32000,16000,48000,0,0,0,0,0,0,0,0,0,0,0,0,0,0,0,0,0,0,3584,25600,51200,0,742400,0.000168963,51200,0.00131529,51200,0.000557168,26.6797,0.000821925,22.1253,0.000349051
400 ,65536,0,65536,131070,0,131070,0,0,0,0,0,0,409600,25600,435200,14288,4000,18288,0,0,0,0,0,0,0,0,0,0,0,0,0,0,0,0,0,0,270336,0,204800,25600,13132800,0.00298889,68267,0.00175373,393216,0.00427905,59.5461,0.00244593,241.188,0.00507339
401 ,0,0,0,0,0,0,0,0,0,0,0,0,25600,25600,51200,32000,4000,36000,0,0,0,0,0,0,0,0,0,0,0,0,0,0,0,0,0,0,25600,0,0,25600,0,0,0,0,32000,0.00034823,0,0.000230952,0,6.86184e-05
402 ,0,0,0,0,0,0,0,0,0,0,0,0,25600,256,25856,4000,40,4040,0,0,0,0,0,0,0,0,0,0,0,0,0,0,0,0,0,0,0,256,25600,0,0,0,25600,0.000657646,25600,0.000278584,10.7933,0.000166255,4.79098,3.77916e-05
403 ,8192,0,8192,16380,0,16380,0,0,0,0,0,0,512,32,544,14,5,19,0,0,0,0,0,0,0,0,0,0,0,0,0,0,0,0,0,0,8192,32,512,0,16416,3.73612e-06,2731,7.01575e-05,49152,0.000534882,74.7404,0.000122817,660.856,0.000556109
404 ,8192,0,8192,16380,0,16380,0,0,0,0,0,0,512,256,768,26,40,66,0,0,0,0,0,0,0,0,0,0,0,0,0,0,0,0,0,0,8192,256,512,0,16640,3.7871e-06,2731,7.01575e-05,49152,0.000534882,75.88,0.000124689,661.18,0.000556382
405 ,0,0,0,0,0,0,0,0,0,0,0,0,102400,25600,128000,16000,4000,20000,0,0,0,0,0,0,0,0,0,0,0,0,0,0,0,0,0,0,51200,0,51200,25600,51200,1.16526e-05,25600,0.000657646,25600,0.000278584,16.4882,0.000253977,22.9535,0.000181059
406 ,1792,0,1792,10752,0,10752,0,0,0,0,0,0,51200,102400,153600,8000,38000,46000,0,0,0,0,0,0,0,0,0,0,0,0,0,0,0,0,0,0,26368,51200,26624,51200,358400,8.15682e-05,25600,0.000657646,38000,0.000413523,43.6495,0.000672357,40.693,0.000320989
407 ,65536,0,65536,131070,0,131070,0,0,0,0,0,0,512000,76800,588800,22288,8000,30288,0,0,0,0,0,0,0,0,0,0,0,0,0,0,0,0,0,0,256000,51200,321536,25600,13158400,0.00299472,68267,0.00175373,393216,0.00427905,62.1973,0.00255484,251.276,0.00528558
408 ,0,0,0,0,0,0,0,0,0,0,0,0,102400,25600,128000,8000,32000,40000,0,0,0,0,0,0,0,0,0,0,0,0,0,0,0,0,0,0,51200,0,51200,25600,51200,1.16526e-05,25600,0.000657646,32000,0.00034823,24.6085,0.000379059,22.9535,0.000181059
409 ,65536,0,65536,131070,0,131070,0,0,0,0,0,0,435200,51200,486400,46288,8000,54288,0,0,0,0,0,0,0,0,0,0,0,0,0,0,0,0,0,0,230400,25600,270336,25600,13132800,0.00298889,68267,0.00175373,393216,0.00427905,65.1686,0.00267689,244.45,0.005142
410 ,0,0,0,0,0,0,0,0,0,0,0,0,25600,25600,51200,32000,4000,36000,0,0,0,0,0,0,0,0,0,0,0,0,0,0,0,0,0,0,25600,0,0,25600,0,0,0,0,32000,0.00034823,0,0.000230952,0,6.86184e-05
411 ,1792,0,1792,10752,0,10752,0,0,0,0,0,0,25600,76800,102400,4000,6000,10000,0,0,0,0,0,0,0,0,0,0,0,0,0,0,0,0,0,0,26624,25600,768,51200,358400,8.15682e-05,25600,0.000657646,25600,0.000278584,30.5981,0.000471319,31.994,0.000252371
412 ,0,0,0,0,0,0,0,0,0,0,0,0,102400,51200,153600,8000,4000,12000,0,0,0,0,0,0,0,0,0,0,0,0,0,0,0,0,0,0,102400,0,0,51200,25600,5.8263e-06,25600,0.000657646,25600,0.000278584,7.06998,0.000108903,26.901,0.000212197
413 ,0,0,0,0,0,0,0,0,0,0,0,0,102400,25600,128000,8000,32000,40000,0,0,0,0,0,0,0,0,0,0,0,0,0,0,0,0,0,0,51200,25600,51200,0,51200,1.16526e-05,25600,0.000657646,32000,0.00034823,24.6085,0.000379059,22.9535,0.000181059
414 ,65536,0,65536,131070,0,131070,0,0,0,0,0,0,409600,25600,435200,14288,4000,18288,0,0,0,0,0,0,0,0,0,0,0,0,0,0,0,0,0,0,270336,0,204800,25600,13132800,0.00298889,68267,0.00175373,393216,0.00427905,59.5461,0.00244593,241.188,0.00507339
415 ,0,0,0,0,0,0,0,0,0,0,0,0,25600,25600,51200,32000,4000,36000,0,0,0,0,0,0,0,0,0,0,0,0,0,0,0,0,0,0,25600,0,0,25600,0,0,0,0,32000,0.00034823,0,0.000230952,0,6.86184e-05
416 ,1792,0,1792,10752,0,10752,0,0,0,0,0,0,25600,76800,102400,4000,6000,10000,0,0,0,0,0,0,0,0,0,0,0,0,0,0,0,0,0,0,768,51200,26624,25600,358400,8.15682e-05,25600,0.000657646,25600,0.000278584,30.5981,0.000471319,31.994,0.000252371
417 ,0,0,0,0,0,0,0,0,0,0,0,0,102400,51200,153600,8000,4000,12000,0,0,0,0,0,0,0,0,0,0,0,0,0,0,0,0,0,0,102400,0,0,51200,25600,5.8263e-06,25600,0.000657646,25600,0.000278584,7.06998,0.000108903,26.901,0.000212197
418 ,0,0,0,0,0,0,0,0,0,0,0,0,102400,25600,128000,8000,32000,40000,0,0,0,0,0,0,0,0,0,0,0,0,0,0,0,0,0,0,51200,0,51200,25600,51200,1.16526e-05,25600,0.000657646,32000,0.00034823,24.6085,0.000379059,22.9535,0.000181059
419 ,65536,0,65536,131070,0,131070,0,0,0,0,0,0,409600,25600,435200,14288,4000,18288,0,0,0,0,0,0,0,0,0,0,0,0,0,0,0,0,0,0,270336,0,204800,25600,13132800,0.00298889,68267,0.00175373,393216,0.00427905,59.5461,0.00244593,241.188,0.00507339
420 ,0,0,0,0,0,0,0,0,0,0,0,0,25600,25600,51200,32000,4000,36000,0,0,0,0,0,0,0,0,0,0,0,0,0,0,0,0,0,0,25600,0,0,25600,0,0,0,0,32000,0.00034823,0,0.000230952,0,6.86184e-05
421 ,1792,0,1792,10752,0,10752,0,0,0,0,0,0,25600,76800,102400,4000,6000,10000,0,0,0,0,0,0,0,0,0,0,0,0,0,0,0,0,0,0,768,51200,26624,25600,358400,8.15682e-05,25600,0.000657646,25600,0.000278584,30.5981,0.000471319,31.994,0.000252371
422 ,0,0,0,0,0,0,0,0,0,0,0,0,102400,51200,153600,8000,4000,12000,0,0,0,0,0,0,0,0,0,0,0,0,0,0,0,0,0,0,102400,0,0,51200,25600,5.8263e-06,25600,0.000657646,25600,0.000278584,7.06998,0.000108903,26.901,0.000212197
423 ,0,0,0,0,0,0,0,0,0,0,0,0,102400,25600,128000,8000,32000,40000,0,0,0,0,0,0,0,0,0,0,0,0,0,0,0,0,0,0,51200,25600,51200,0,51200,1.16526e-05,25600,0.000657646,32000,0.00034823,24.6085,0.000379059,22.9535,0.000181059
424 ,65536,0,65536,131070,0,131070,0,0,0,0,0,0,409600,25600,435200,14288,4000,18288,0,0,0,0,0,0,0,0,0,0,0,0,0,0,0,0,0,0,270336,0,204800,25600,13132800,0.00298889,68267,0.00175373,393216,0.00427905,59.5461,0.00244593,241.188,0.00507339
425 ,0,0,0,0,0,0,0,0,0,0,0,0,25600,25600,51200,32000,4000,36000,0,0,0,0,0,0,0,0,0,0,0,0,0,0,0,0,0,0,25600,0,0,25600,0,0,0,0,32000,0.00034823,0,0.000230952,0,6.86184e-05
426 ,1792,0,1792,10752,0,10752,0,0,0,0,0,0,25600,76800,102400,4000,6000,10000,0,0,0,0,0,0,0,0,0,0,0,0,0,0,0,0,0,0,768,51200,26624,25600,358400,8.15682e-05,25600,0.000657646,25600,0.000278584,30.5981,0.000471319,31.994,0.000252371
427 ,0,0,0,0,0,0,0,0,0,0,0,0,102400,51200,153600,8000,4000,12000,0,0,0,0,0,0,0,0,0,0,0,0,0,0,0,0,0,0,102400,0,0,51200,25600,5.8263e-06,25600,0.000657646,25600,0.000278584,7.06998,0.000108903,26.901,0.000212197
428 ,0,0,0,0,0,0,0,0,0,0,0,0,102400,25600,128000,8000,32000,40000,0,0,0,0,0,0,0,0,0,0,0,0,0,0,0,0,0,0,51200,25600,51200,0,51200,1.16526e-05,25600,0.000657646,32000,0.00034823,24.6085,0.000379059,22.9535,0.000181059
429 ,65536,0,65536,131070,0,131070,0,0,0,0,0,0,409600,25600,435200,14288,4000,18288,0,0,0,0,0,0,0,0,0,0,0,0,0,0,0,0,0,0,204800,25600,270336,0,13132800,0.00298889,68267,0.00175373,393216,0.00427905,59.5461,0.00244593,241.188,0.00507339
430 ,0,0,0,0,0,0,0,0,0,0,0,0,25600,25600,51200,32000,4000,36000,0,0,0,0,0,0,0,0,0,0,0,0,0,0,0,0,0,0,25600,0,0,25600,0,0,0,0,32000,0.00034823,0,0.000230952,0,6.86184e-05
431 ,0,0,0,0,0,0,0,0,0,0,0,0,25600,256,25856,4000,40,4040,0,0,0,0,0,0,0,0,0,0,0,0,0,0,0,0,0,0,25600,0,0,256,0,0,25600,0.000657646,25600,0.000278584,10.7933,0.000166255,4.79098,3.77916e-05
432 ,8192,0,8192,16380,0,16380,0,0,0,0,0,0,512,32,544,14,5,19,0,0,0,0,0,0,0,0,0,0,0,0,0,0,0,0,0,0,512,0,8192,32,16416,3.73612e-06,2731,7.01575e-05,49152,0.000534882,74.7404,0.000122817,660.856,0.000556109
433 ,8192,0,8192,16380,0,16380,0,0,0,0,0,0,512,256,768,26,40,66,0,0,0,0,0,0,0,0,0,0,0,0,0,0,0,0,0,0,512,0,8192,256,16640,3.7871e-06,2731,7.01575e-05,49152,0.000534882,75.88,0.000124689,661.18,0.000556382
434 ,0,0,0,0,0,0,0,0,0,0,0,0,102400,25600,128000,16000,4000,20000,0,0,0,0,0,0,0,0,0,0,0,0,0,0,0,0,0,0,25600,25600,76800,0,51200,1.16526e-05,25600,0.000657646,25600,0.000278584,16.4882,0.000253977,22.9535,0.000181059
435 ,1792,0,1792,10752,0,10752,0,0,0,0,0,0,51200,102400,153600,8000,38000,46000,0,0,0,0,0,0,0,0,0,0,0,0,0,0,0,0,0,0,1024,76800,51968,25600,358400,8.15682e-05,25600,0.000657646,38000,0.000413523,43.6495,0.000672357,40.693,0.000320989
436 ,65536,0,65536,131070,0,131070,0,0,0,0,0,0,512000,76800,588800,22288,8000,30288,0,0,0,0,0,0,0,0,0,0,0,0,0,0,0,0,0,0,256000,51200,321536,25600,13158400,0.00299472,68267,0.00175373,393216,0.00427905,62.1973,0.00255484,251.276,0.00528558
437 ,0,0,0,0,0,0,0,0,0,0,0,0,102400,25600,128000,8000,32000,40000,0,0,0,0,0,0,0,0,0,0,0,0,0,0,0,0,0,0,51200,0,51200,25600,51200,1.16526e-05,25600,0.000657646,32000,0.00034823,24.6085,0.000379059,22.9535,0.000181059
438 ,65536,0,65536,131070,0,131070,0,0,0,0,0,0,435200,51200,486400,46288,8000,54288,0,0,0,0,0,0,0,0,0,0,0,0,0,0,0,0,0,0,270336,25600,230400,25600,13132800,0.00298889,68267,0.00175373,393216,0.00427905,65.1686,0.00267689,244.45,0.005142
439 ,0,0,0,0,0,0,0,0,0,0,0,0,25600,25600,51200,32000,4000,36000,0,0,0,0,0,0,0,0,0,0,0,0,0,0,0,0,0,0,0,25600,25600,0,0,0,0,0,32000,0.00034823,0,0.000230952,0,6.86184e-05
440 ,1792,0,1792,10752,0,10752,0,0,0,0,0,0,25600,76800,102400,4000,6000,10000,0,0,0,0,0,0,0,0,0,0,0,0,0,0,0,0,0,0,1024,51200,26368,25600,358400,8.15682e-05,25600,0.000657646,25600,0.000278584,30.5981,0.000471319,31.994,0.000252371
441 ,0,0,0,0,0,0,0,0,0,0,0,0,102400,51200,153600,8000,4000,12000,0,0,0,0,0,0,0,0,0,0,0,0,0,0,0,0,0,0,51200,51200,51200,0,25600,5.8263e-06,25600,0.000657646,25600,0.000278584,7.06998,0.000108903,26.901,0.000212197
442 ,0,0,0,0,0,0,0,0,0,0,0,0,102400,25600,128000,8000,32000,40000,0,0,0,0,0,0,0,0,0,0,0,0,0,0,0,0,0,0,51200,25600,51200,0,51200,1.16526e-05,25600,0.000657646,32000,0.00034823,24.6085,0.000379059,22.9535,0.000181059
443 ,65536,0,65536,131070,0,131070,0,0,0,0,0,0,409600,25600,435200,14288,4000,18288,0,0,0,0,0,0,0,0,0,0,0,0,0,0,0,0,0,0,270336,0,204800,25600,13132800,0.00298889,68267,0.00175373,393216,0.00427905,59.5461,0.00244593,241.188,0.00507339
444 ,0,0,0,0,0,0,0,0,0,0,0,0,25600,25600,51200,32000,4000,36000,0,0,0,0,0,0,0,0,0,0,0,0,0,0,0,0,0,0,0,25600,25600,0,0,0,0,0,32000,0.00034823,0,0.000230952,0,6.86184e-05
445 ,1792,0,1792,10752,0,10752,0,0,0,0,0,0,25600,76800,102400,4000,6000,10000,0,0,0,0,0,0,0,0,0,0,0,0,0,0,0,0,0,0,1024,51200,26368,25600,358400,8.15682e-05,25600,0.000657646,25600,0.000278584,30.5981,0.000471319,31.994,0.000252371
446 ,0,0,0,0,0,0,0,0,0,0,0,0,102400,51200,153600,8000,4000,12000,0,0,0,0,0,0,0,0,0,0,0,0,0,0,0,0,0,0,51200,51200,51200,0,25600,5.8263e-06,25600,0.000657646,25600,0.000278584,7.06998,0.000108903,26.901,0.000212197
447 ,0,0,0,0,0,0,0,0,0,0,0,0,102400,25600,128000,8000,32000,40000,0,0,0,0,0,0,0,0,0,0,0,0,0,0,0,0,0,0,51200,25600,51200,0,51200,1.16526e-05,25600,0.000657646,32000,0.00034823,24.6085,0.000379059,22.9535,0.000181059
448 ,65536,0,65536,131070,0,131070,0,0,0,0,0,0,409600,25600,435200,14288,4000,18288,0,0,0,0,0,0,0,0,0,0,0,0,0,0,0,0,0,0,270336,0,204800,25600,13132800,0.00298889,68267,0.00175373,393216,0.00427905,59.5461,0.00244593,241.188,0.00507339
449 ,0,0,0,0,0,0,0,0,0,0,0,0,25600,25600,51200,32000,4000,36000,0,0,0,0,0,0,0,0,0,0,0,0,0,0,0,0,0,0,25600,0,0,25600,0,0,0,0,32000,0.00034823,0,0.000230952,0,6.86184e-05
450 ,1792,0,1792,10752,0,10752,0,0,0,0,0,0,25600,76800,102400,4000,6000,10000,0,0,0,0,0,0,0,0,0,0,0,0,0,0,0,0,0,0,768,51200,26624,25600,358400,8.15682e-05,25600,0.000657646,25600,0.000278584,30.5981,0.000471319,31.994,0.000252371
451 ,0,0,0,0,0,0,0,0,0,0,0,0,102400,51200,153600,8000,4000,12000,0,0,0,0,0,0,0,0,0,0,0,0,0,0,0,0,0,0,51200,0,51200,51200,25600,5.8263e-06,25600,0.000657646,25600,0.000278584,7.06998,0.000108903,26.901,0.000212197
452 ,0,0,0,0,0,0,0,0,0,0,0,0,102400,25600,128000,8000,32000,40000,0,0,0,0,0,0,0,0,0,0,0,0,0,0,0,0,0,0,51200,0,51200,25600,51200,1.16526e-05,25600,0.000657646,32000,0.00034823,24.6085,0.000379059,22.9535,0.000181059
453 ,65536,0,65536,131070,0,131070,0,0,0,0,0,0,409600,25600,435200,14288,4000,18288,0,0,0,0,0,0,0,0,0,0,0,0,0,0,0,0,0,0,204800,25600,270336,0,13132800,0.00298889,68267,0.00175373,393216,0.00427905,59.5461,0.00244593,241.188,0.00507339
454 ,0,0,0,0,0,0,0,0,0,0,0,0,25600,25600,51200,32000,4000,36000,0,0,0,0,0,0,0,0,0,0,0,0,0,0,0,0,0,0,0,25600,25600,0,0,0,0,0,32000,0.00034823,0,0.000230952,0,6.86184e-05
455 ,1792,0,1792,10752,0,10752,0,0,0,0,0,0,25600,76800,102400,4000,6000,10000,0,0,0,0,0,0,0,0,0,0,0,0,0,0,0,0,0,0,768,51200,26624,25600,358400,8.15682e-05,25600,0.000657646,25600,0.000278584,30.5981,0.000471319,31.994,0.000252371
456 ,0,0,0,0,0,0,0,0,0,0,0,0,102400,51200,153600,8000,4000,12000,0,0,0,0,0,0,0,0,0,0,0,0,0,0,0,0,0,0,51200,0,51200,51200,25600,5.8263e-06,25600,0.000657646,25600,0.000278584,7.06998,0.000108903,26.901,0.000212197
457 ,0,0,0,0,0,0,0,0,0,0,0,0,102400,25600,128000,8000,32000,40000,0,0,0,0,0,0,0,0,0,0,0,0,0,0,0,0,0,0,51200,25600,51200,0,51200,1.16526e-05,25600,0.000657646,32000,0.00034823,24.6085,0.000379059,22.9535,0.000181059
458 ,65536,0,65536,131070,0,131070,0,0,0,0,0,0,409600,25600,435200,14288,4000,18288,0,0,0,0,0,0,0,0,0,0,0,0,0,0,0,0,0,0,204800,25600,270336,0,13132800,0.00298889,68267,0.00175373,393216,0.00427905,59.5461,0.00244593,241.188,0.00507339
459 ,0,0,0,0,0,0,0,0,0,0,0,0,25600,25600,51200,32000,4000,36000,0,0,0,0,0,0,0,0,0,0,0,0,0,0,0,0,0,0,25600,0,0,25600,0,0,0,0,32000,0.00034823,0,0.000230952,0,6.86184e-05
460 ,0,0,0,0,0,0,0,0,0,0,0,0,25600,256,25856,4000,40,4040,0,0,0,0,0,0,0,0,0,0,0,0,0,0,0,0,0,0,0,256,25600,0,0,0,25600,0.000657646,25600,0.000278584,10.7933,0.000166255,4.79098,3.77916e-05
461 ,8192,0,8192,16380,0,16380,0,0,0,0,0,0,512,32,544,14,5,19,0,0,0,0,0,0,0,0,0,0,0,0,0,0,0,0,0,0,8192,32,512,0,16416,3.73612e-06,2731,7.01575e-05,49152,0.000534882,74.7404,0.000122817,660.856,0.000556109
462 ,8192,0,8192,16380,0,16380,0,0,0,0,0,0,512,256,768,26,40,66,0,0,0,0,0,0,0,0,0,0,0,0,0,0,0,0,0,0,8192,256,512,0,16640,3.7871e-06,2731,7.01575e-05,49152,0.000534882,75.88,0.000124689,661.18,0.000556382
463 ,0,0,0,0,0,0,0,0,0,0,0,0,102400,25600,128000,16000,4000,20000,0,0,0,0,0,0,0,0,0,0,0,0,0,0,0,0,0,0,51200,0,51200,25600,51200,1.16526e-05,25600,0.000657646,25600,0.000278584,16.4882,0.000253977,22.9535,0.000181059
464 ,1792,0,1792,10752,0,10752,0,0,0,0,0,0,51200,102400,153600,8000,38000,46000,0,0,0,0,0,0,0,0,0,0,0,0,0,0,0,0,0,0,1024,76800,51968,25600,358400,8.15682e-05,25600,0.000657646,38000,0.000413523,43.6495,0.000672357,40.693,0.000320989
465 ,65536,0,65536,131070,0,131070,0,0,0,0,0,0,512000,76800,588800,22288,8000,30288,0,0,0,0,0,0,0,0,0,0,0,0,0,0,0,0,0,0,256000,51200,321536,25600,13158400,0.00299472,68267,0.00175373,393216,0.00427905,62.1973,0.00255484,251.276,0.00528558
466 ,0,0,0,0,0,0,0,0,0,0,0,0,102400,25600,128000,8000,32000,40000,0,0,0,0,0,0,0,0,0,0,0,0,0,0,0,0,0,0,51200,0,51200,25600,51200,1.16526e-05,25600,0.000657646,32000,0.00034823,24.6085,0.000379059,22.9535,0.000181059
467 ,65536,0,65536,131070,0,131070,0,0,0,0,0,0,435200,51200,486400,46288,8000,54288,0,0,0,0,0,0,0,0,0,0,0,0,0,0,0,0,0,0,230400,25600,270336,25600,13132800,0.00298889,68267,0.00175373,393216,0.00427905,65.1686,0.00267689,244.45,0.005142
468 ,0,0,0,0,0,0,0,0,0,0,0,0,25600,25600,51200,32000,4000,36000,0,0,0,0,0,0,0,0,0,0,0,0,0,0,0,0,0,0,25600,0,0,25600,0,0,0,0,32000,0.00034823,0,0.000230952,0,6.86184e-05
469 ,1792,0,1792,10752,0,10752,0,0,0,0,0,0,25600,76800,102400,4000,6000,10000,0,0,0,0,0,0,0,0,0,0,0,0,0,0,0,0,0,0,26368,25600,1024,51200,358400,8.15682e-05,25600,0.000657646,25600,0.000278584,30.5981,0.000471319,31.994,0.000252371
470 ,0,0,0,0,0,0,0,0,0,0,0,0,102400,51200,153600,8000,4000,12000,0,0,0,0,0,0,0,0,0,0,0,0,0,0,0,0,0,0,51200,51200,51200,0,25600,5.8263e-06,25600,0.000657646,25600,0.000278584,7.06998,0.000108903,26.901,0.000212197
471 ,0,0,0,0,0,0,0,0,0,0,0,0,102400,25600,128000,8000,32000,40000,0,0,0,0,0,0,0,0,0,0,0,0,0,0,0,0,0,0,51200,0,51200,25600,51200,1.16526e-05,25600,0.000657646,32000,0.00034823,24.6085,0.000379059,22.9535,0.000181059
472 ,65536,0,65536,131070,0,131070,0,0,0,0,0,0,409600,25600,435200,14288,4000,18288,0,0,0,0,0,0,0,0,0,0,0,0,0,0,0,0,0,0,204800,25600,270336,0,13132800,0.00298889,68267,0.00175373,393216,0.00427905,59.5461,0.00244593,241.188,0.00507339
473 ,0,0,0,0,0,0,0,0,0,0,0,0,25600,25600,51200,32000,4000,36000,0,0,0,0,0,0,0,0,0,0,0,0,0,0,0,0,0,0,25600,0,0,25600,0,0,0,0,32000,0.00034823,0,0.000230952,0,6.86184e-05
474 ,1792,0,1792,10752,0,10752,0,0,0,0,0,0,25600,76800,102400,4000,6000,10000,0,0,0,0,0,0,0,0,0,0,0,0,0,0,0,0,0,0,1024,51200,26368,25600,358400,8.15682e-05,25600,0.000657646,25600,0.000278584,30.5981,0.000471319,31.994,0.000252371
475 ,0,0,0,0,0,0,0,0,0,0,0,0,102400,51200,153600,8000,4000,12000,0,0,0,0,0,0,0,0,0,0,0,0,0,0,0,0,0,0,102400,0,0,51200,25600,5.8263e-06,25600,0.000657646,25600,0.000278584,7.06998,0.000108903,26.901,0.000212197
476 ,0,0,0,0,0,0,0,0,0,0,0,0,102400,25600,128000,8000,32000,40000,0,0,0,0,0,0,0,0,0,0,0,0,0,0,0,0,0,0,51200,25600,51200,0,51200,1.16526e-05,25600,0.000657646,32000,0.00034823,24.6085,0.000379059,22.9535,0.000181059
477 ,65536,0,65536,131070,0,131070,0,0,0,0,0,0,409600,25600,435200,14288,4000,18288,0,0,0,0,0,0,0,0,0,0,0,0,0,0,0,0,0,0,270336,0,204800,25600,13132800,0.00298889,68267,0.00175373,393216,0.00427905,59.5461,0.00244593,241.188,0.00507339
478 ,0,0,0,0,0,0,0,0,0,0,0,0,25600,25600,51200,32000,4000,36000,0,0,0,0,0,0,0,0,0,0,0,0,0,0,0,0,0,0,0,25600,25600,0,0,0,0,0,32000,0.00034823,0,0.000230952,0,6.86184e-05
479 ,1792,0,1792,10752,0,10752,0,0,0,0,0,0,25600,76800,102400,4000,6000,10000,0,0,0,0,0,0,0,0,0,0,0,0,0,0,0,0,0,0,26624,25600,768,51200,358400,8.15682e-05,25600,0.000657646,25600,0.000278584,30.5981,0.000471319,31.994,0.000252371
480 ,0,0,0,0,0,0,0,0,0,0,0,0,102400,51200,153600,8000,4000,12000,0,0,0,0,0,0,0,0,0,0,0,0,0,0,0,0,0,0,0,51200,102400,0,25600,5.8263e-06,25600,0.000657646,25600,0.000278584,7.06998,0.000108903,26.901,0.000212197
481 ,0,0,0,0,0,0,0,0,0,0,0,0,102400,25600,128000,8000,32000,40000,0,0,0,0,0,0,0,0,0,0,0,0,0,0,0,0,0,0,51200,0,51200,25600,51200,1.16526e-05,25600,0.000657646,32000,0.00034823,24.6085,0.000379059,22.9535,0.000181059
482 ,65536,0,65536,131070,0,131070,0,0,0,0,0,0,409600,25600,435200,14288,4000,18288,0,0,0,0,0,0,0,0,0,0,0,0,0,0,0,0,0,0,204800,25600,270336,0,13132800,0.00298889,68267,0.00175373,393216,0.00427905,59.5461,0.00244593,241.188,0.00507339
483 ,0,0,0,0,0,0,0,0,0,0,0,0,25600,25600,51200,32000,4000,36000,0,0,0,0,0,0,0,0,0,0,0,0,0,0,0,0,0,0,0,25600,25600,0,0,0,0,0,32000,0.00034823,0,0.000230952,0,6.86184e-05
484 ,1792,0,1792,10752,0,10752,0,0,0,0,0,0,25600,76800,102400,4000,6000,10000,0,0,0,0,0,0,0,0,0,0,0,0,0,0,0,0,0,0,768,51200,26624,25600,358400,8.15682e-05,25600,0.000657646,25600,0.000278584,30.5981,0.000471319,31.994,0.000252371
485 ,0,0,0,0,0,0,0,0,0,0,0,0,102400,51200,153600,8000,4000,12000,0,0,0,0,0,0,0,0,0,0,0,0,0,0,0,0,0,0,51200,0,51200,51200,25600,5.8263e-06,25600,0.000657646,25600,0.000278584,7.06998,0.000108903,26.901,0.000212197
486 ,0,0,0,0,0,0,0,0,0,0,0,0,102400,25600,128000,8000,32000,40000,0,0,0,0,0,0,0,0,0,0,0,0,0,0,0,0,0,0,51200,0,51200,25600,51200,1.16526e-05,25600,0.000657646,32000,0.00034823,24.6085,0.000379059,22.9535,0.000181059
487 ,65536,0,65536,131070,0,131070,0,0,0,0,0,0,409600,25600,435200,14288,4000,18288,0,0,0,0,0,0,0,0,0,0,0,0,0,0,0,0,0,0,270336,0,204800,25600,13132800,0.00298889,68267,0.00175373,393216,0.00427905,59.5461,0.00244593,241.188,0.00507339
488 ,0,0,0,0,0,0,0,0,0,0,0,0,25600,25600,51200,32000,4000,36000,0,0,0,0,0,0,0,0,0,0,0,0,0,0,0,0,0,0,25600,0,0,25600,0,0,0,0,32000,0.00034823,0,0.000230952,0,6.86184e-05
489 ,0,0,0,0,0,0,0,0,0,0,0,0,25600,256,25856,4000,40,4040,0,0,0,0,0,0,0,0,0,0,0,0,0,0,0,0,0,0,25600,0,0,256,0,0,25600,0.000657646,25600,0.000278584,10.7933,0.000166255,4.79098,3.77916e-05
490 ,8192,0,8192,16380,0,16380,0,0,0,0,0,0,512,32,544,14,5,19,0,0,0,0,0,0,0,0,0,0,0,0,0,0,0,0,0,0,8192,32,512,0,16416,3.73612e-06,2731,7.01575e-05,49152,0.000534882,74.7404,0.000122817,660.856,0.000556109
491 ,8192,0,8192,16380,0,16380,0,0,0,0,0,0,512,256,768,26,40,66,0,0,0,0,0,0,0,0,0,0,0,0,0,0,0,0,0,0,8192,256,512,0,16640,3.7871e-06,2731,7.01575e-05,49152,0.000534882,75.88,0.000124689,661.18,0.000556382
492 ,0,0,0,0,0,0,0,0,0,0,0,0,102400,25600,128000,16000,4000,20000,0,0,0,0,0,0,0,0,0,0,0,0,0,0,0,0,0,0,25600,25600,76800,0,51200,1.16526e-05,25600,0.000657646,25600,0.000278584,16.4882,0.000253977,22.9535,0.000181059
493 ,2304,0,2304,13824,0,13824,0,0,0,0,0,0,51200,102400,153600,8000,38000,46000,0,0,0,0,0,0,0,0,0,0,0,0,0,0,0,0,0,0,27136,51200,26368,51200,460800,0.000104873,25600,0.000657646,38000,0.000413523,45.2147,0.000696466,45.093,0.000355697
494 ,65536,0,65536,131070,0,131070,0,0,0,0,0,0,512000,76800,588800,22288,8000,30288,0,0,0,0,0,0,0,0,0,0,0,0,0,0,0,0,0,0,307200,0,270336,76800,13158400,0.00299472,68267,0.00175373,393216,0.00427905,62.1973,0.00255484,251.276,0.00528558
495 ,0,0,0,0,0,0,0,0,0,0,0,0,102400,25600,128000,8000,32000,40000,0,0,0,0,0,0,0,0,0,0,0,0,0,0,0,0,0,0,51200,25600,51200,0,51200,1.16526e-05,25600,0.000657646,32000,0.00034823,24.6085,0.000379059,22.9535,0.000181059
496 ,65536,0,65536,131070,0,131070,0,0,0,0,0,0,435200,51200,486400,46288,8000,54288,0,0,0,0,0,0,0,0,0,0,0,0,0,0,0,0,0,0,270336,25600,230400,25600,13132800,0.00298889,68267,0.00175373,393216,0.00427905,65.1686,0.00267689,244.45,0.005142
497 ,0,0,0,0,0,0,0,0,0,0,0,0,25600,25600,51200,32000,4000,36000,0,0,0,0,0,0,0,0,0,0,0,0,0,0,0,0,0,0,25600,0,0,25600,0,0,0,0,32000,0.00034823,0,0.000230952,0,6.86184e-05
498 ,2304,0,2304,13824,0,13824,0,0,0,0,0,0,25600,76800,102400,4000,6000,10000,0,0,0,0,0,0,0,0,0,0,0,0,0,0,0,0,0,0,27136,25600,768,51200,460800,0.000104873,25600,0.000657646,25600,0.000278584,32.1632,0.000495428,36.394,0.000287079
499 ,0,0,0,0,0,0,0,0,0,0,0,0,102400,51200,153600,8000,4000,12000,0,0,0,0,0,0,0,0,0,0,0,0,0,0,0,0,0,0,51200,51200,51200,0,25600,5.8263e-06,25600,0.000657646,25600,0.000278584,7.06998,0.000108903,26.901,0.000212197
500 ,0,0,0,0,0,0,0,0,0,0,0,0,102400,25600,128000,8000,32000,40000,0,0,0,0,0,0,0,0,0,0,0,0,0,0,0,0,0,0,51200,0,51200,25600,51200,1.16526e-05,25600,0.000657646,32000,0.00034823,24.6085,0.000379059,22.9535,0.000181059
501 ,65536,0,65536,131070,0,131070,0,0,0,0,0,0,409600,25600,435200,14288,4000,18288,0,0,0,0,0,0,0,0,0,0,0,0,0,0,0,0,0,0,204800,25600,270336,0,13132800,0.00298889,68267,0.00175373,393216,0.00427905,59.5461,0.00244593,241.188,0.00507339
502 ,0,0,0,0,0,0,0,0,0,0,0,0,25600,25600,51200,32000,4000,36000,0,0,0,0,0,0,0,0,0,0,0,0,0,0,0,0,0,0,0,25600,25600,0,0,0,0,0,32000,0.00034823,0,0.000230952,0,6.86184e-05
503 ,2304,0,2304,13824,0,13824,0,0,0,0,0,0,25600,76800,102400,4000,6000,10000,0,0,0,0,0,0,0,0,0,0,0,0,0,0,0,0,0,0,27136,25600,768,51200,460800,0.000104873,25600,0.000657646,25600,0.000278584,32.1632,0.000495428,36.394,0.000287079
504 ,0,0,0,0,0,0,0,0,0,0,0,0,102400,51200,153600,8000,4000,12000,0,0,0,0,0,0,0,0,0,0,0,0,0,0,0,0,0,0,51200,0,51200,51200,25600,5.8263e-06,25600,0.000657646,25600,0.000278584,7.06998,0.000108903,26.901,0.000212197
505 ,0,0,0,0,0,0,0,0,0,0,0,0,102400,25600,128000,8000,32000,40000,0,0,0,0,0,0,0,0,0,0,0,0,0,0,0,0,0,0,51200,0,51200,25600,51200,1.16526e-05,25600,0.000657646,32000,0.00034823,24.6085,0.000379059,22.9535,0.000181059
506 ,65536,0,65536,131070,0,131070,0,0,0,0,0,0,409600,25600,435200,14288,4000,18288,0,0,0,0,0,0,0,0,0,0,0,0,0,0,0,0,0,0,270336,0,204800,25600,13132800,0.00298889,68267,0.00175373,393216,0.00427905,59.5461,0.00244593,241.188,0.00507339
507 ,0,0,0,0,0,0,0,0,0,0,0,0,25600,25600,51200,32000,4000,36000,0,0,0,0,0,0,0,0,0,0,0,0,0,0,0,0,0,0,0,25600,25600,0,0,0,0,0,32000,0.00034823,0,0.000230952,0,6.86184e-05
508 ,2304,0,2304,13824,0,13824,0,0,0,0,0,0,25600,76800,102400,4000,6000,10000,0,0,0,0,0,0,0,0,0,0,0,0,0,0,0,0,0,0,768,51200,27136,25600,460800,0.000104873,25600,0.000657646,25600,0.000278584,32.1632,0.000495428,36.394,0.000287079
509 ,0,0,0,0,0,0,0,0,0,0,0,0,102400,51200,153600,8000,4000,12000,0,0,0,0,0,0,0,0,0,0,0,0,0,0,0,0,0,0,51200,0,51200,51200,25600,5.8263e-06,25600,0.000657646,25600,0.000278584,7.06998,0.000108903,26.901,0.000212197
510 ,0,0,0,0,0,0,0,0,0,0,0,0,102400,25600,128000,8000,32000,40000,0,0,0,0,0,0,0,0,0,0,0,0,0,0,0,0,0,0,51200,25600,51200,0,51200,1.16526e-05,25600,0.000657646,32000,0.00034823,24.6085,0.000379059,22.9535,0.000181059
511 ,65536,0,65536,131070,0,131070,0,0,0,0,0,0,409600,25600,435200,14288,4000,18288,0,0,0,0,0,0,0,0,0,0,0,0,0,0,0,0,0,0,204800,25600,270336,0,13132800,0.00298889,68267,0.00175373,393216,0.00427905,59.5461,0.00244593,241.188,0.00507339
512 ,0,0,0,0,0,0,0,0,0,0,0,0,25600,25600,51200,32000,4000,36000,0,0,0,0,0,0,0,0,0,0,0,0,0,0,0,0,0,0,25600,0,0,25600,0,0,0,0,32000,0.00034823,0,0.000230952,0,6.86184e-05
513 ,2304,0,2304,13824,0,13824,0,0,0,0,0,0,25600,76800,102400,4000,6000,10000,0,0,0,0,0,0,0,0,0,0,0,0,0,0,0,0,0,0,768,51200,27136,25600,460800,0.000104873,25600,0.000657646,25600,0.000278584,32.1632,0.000495428,36.394,0.000287079
514 ,0,0,0,0,0,0,0,0,0,0,0,0,102400,51200,153600,8000,4000,12000,0,0,0,0,0,0,0,0,0,0,0,0,0,0,0,0,0,0,0,51200,102400,0,25600,5.8263e-06,25600,0.000657646,25600,0.000278584,7.06998,0.000108903,26.901,0.000212197
515 ,0,0,0,0,0,0,0,0,0,0,0,0,102400,25600,128000,8000,32000,40000,0,0,0,0,0,0,0,0,0,0,0,0,0,0,0,0,0,0,51200,25600,51200,0,51200,1.16526e-05,25600,0.000657646,32000,0.00034823,24.6085,0.000379059,22.9535,0.000181059
516 ,65536,0,65536,131070,0,131070,0,0,0,0,0,0,409600,25600,435200,14288,4000,18288,0,0,0,0,0,0,0,0,0,0,0,0,0,0,0,0,0,0,204800,25600,270336,0,13132800,0.00298889,68267,0.00175373,393216,0.00427905,59.5461,0.00244593,241.188,0.00507339
517 ,0,0,0,0,0,0,0,0,0,0,0,0,25600,25600,51200,32000,4000,36000,0,0,0,0,0,0,0,0,0,0,0,0,0,0,0,0,0,0,0,25600,25600,0,0,0,0,0,32000,0.00034823,0,0.000230952,0,6.86184e-05
518 ,0,0,0,0,0,0,0,0,0,0,0,0,25600,256,25856,4000,40,4040,0,0,0,0,0,0,0,0,0,0,0,0,0,0,0,0,0,0,25600,0,0,256,0,0,25600,0.000657646,25600,0.000278584,10.7933,0.000166255,4.79098,3.77916e-05
519 ,8192,0,8192,16380,0,16380,0,0,0,0,0,0,512,32,544,14,5,19,0,0,0,0,0,0,0,0,0,0,0,0,0,0,0,0,0,0,8192,32,512,0,16416,3.73612e-06,2731,7.01575e-05,49152,0.000534882,74.7404,0.000122817,660.856,0.000556109
520 ,8192,0,8192,16380,0,16380,0,0,0,0,0,0,512,256,768,26,40,66,0,0,0,0,0,0,0,0,0,0,0,0,0,0,0,0,0,0,512,0,8192,256,16640,3.7871e-06,2731,7.01575e-05,49152,0.000534882,75.88,0.000124689,661.18,0.000556382
521 ,0,0,0,0,0,0,0,0,0,0,0,0,102400,25600,128000,16000,4000,20000,0,0,0,0,0,0,0,0,0,0,0,0,0,0,0,0,0,0,51200,0,51200,25600,51200,1.16526e-05,25600,0.000657646,25600,0.000278584,16.4882,0.000253977,22.9535,0.000181059
522 ,2304,0,2304,13824,0,13824,0,0,0,0,0,0,51200,102400,153600,8000,38000,46000,0,0,0,0,0,0,0,0,0,0,0,0,0,0,0,0,0,0,52736,25600,768,76800,460800,0.000104873,25600,0.000657646,38000,0.000413523,45.2147,0.000696466,45.093,0.000355697
523 ,65536,0,65536,131070,0,131070,0,0,0,0,0,0,512000,76800,588800,22288,8000,30288,0,0,0,0,0,0,0,0,0,0,0,0,0,0,0,0,0,0,321536,25600,256000,51200,13158400,0.00299472,68267,0.00175373,393216,0.00427905,62.1973,0.00255484,251.276,0.00528558
524 ,0,0,0,0,0,0,0,0,0,0,0,0,102400,25600,128000,8000,32000,40000,0,0,0,0,0,0,0,0,0,0,0,0,0,0,0,0,0,0,51200,0,51200,25600,51200,1.16526e-05,25600,0.000657646,32000,0.00034823,24.6085,0.000379059,22.9535,0.000181059
525 ,65536,0,65536,131070,0,131070,0,0,0,0,0,0,435200,51200,486400,46288,8000,54288,0,0,0,0,0,0,0,0,0,0,0,0,0,0,0,0,0,0,230400,25600,270336,25600,13132800,0.00298889,68267,0.00175373,393216,0.00427905,65.1686,0.00267689,244.45,0.005142
526 ,0,0,0,0,0,0,0,0,0,0,0,0,25600,25600,51200,32000,4000,36000,0,0,0,0,0,0,0,0,0,0,0,0,0,0,0,0,0,0,25600,0,0,25600,0,0,0,0,32000,0.00034823,0,0.000230952,0,6.86184e-05
527 ,2304,0,2304,13824,0,13824,0,0,0,0,0,0,25600,76800,102400,4000,6000,10000,0,0,0,0,0,0,0,0,0,0,0,0,0,0,0,0,0,0,768,51200,27136,25600,460800,0.000104873,25600,0.000657646,25600,0.000278584,32.1632,0.000495428,36.394,0.000287079
528 ,0,0,0,0,0,0,0,0,0,0,0,0,102400,51200,153600,8000,4000,12000,0,0,0,0,0,0,0,0,0,0,0,0,0,0,0,0,0,0,51200,0,51200,51200,25600,5.8263e-06,25600,0.000657646,25600,0.000278584,7.06998,0.000108903,26.901,0.000212197
529 ,0,0,0,0,0,0,0,0,0,0,0,0,102400,25600,128000,8000,32000,40000,0,0,0,0,0,0,0,0,0,0,0,0,0,0,0,0,0,0,51200,25600,51200,0,51200,1.16526e-05,25600,0.000657646,32000,0.00034823,24.6085,0.000379059,22.9535,0.000181059
530 ,65536,0,65536,131070,0,131070,0,0,0,0,0,0,409600,25600,435200,14288,4000,18288,0,0,0,0,0,0,0,0,0,0,0,0,0,0,0,0,0,0,270336,0,204800,25600,13132800,0.00298889,68267,0.00175373,393216,0.00427905,59.5461,0.00244593,241.188,0.00507339
531 ,0,0,0,0,0,0,0,0,0,0,0,0,25600,25600,51200,32000,4000,36000,0,0,0,0,0,0,0,0,0,0,0,0,0,0,0,0,0,0,25600,0,0,25600,0,0,0,0,32000,0.00034823,0,0.000230952,0,6.86184e-05
532 ,2304,0,2304,13824,0,13824,0,0,0,0,0,0,25600,76800,102400,4000,6000,10000,0,0,0,0,0,0,0,0,0,0,0,0,0,0,0,0,0,0,768,51200,27136,25600,460800,0.000104873,25600,0.000657646,25600,0.000278584,32.1632,0.000495428,36.394,0.000287079
533 ,0,0,0,0,0,0,0,0,0,0,0,0,102400,51200,153600,8000,4000,12000,0,0,0,0,0,0,0,0,0,0,0,0,0,0,0,0,0,0,0,51200,102400,0,25600,5.8263e-06,25600,0.000657646,25600,0.000278584,7.06998,0.000108903,26.901,0.000212197
534 ,0,0,0,0,0,0,0,0,0,0,0,0,102400,25600,128000,8000,32000,40000,0,0,0,0,0,0,0,0,0,0,0,0,0,0,0,0,0,0,51200,25600,51200,0,51200,1.16526e-05,25600,0.000657646,32000,0.00034823,24.6085,0.000379059,22.9535,0.000181059
535 ,65536,0,65536,131070,0,131070,0,0,0,0,0,0,409600,25600,435200,14288,4000,18288,0,0,0,0,0,0,0,0,0,0,0,0,0,0,0,0,0,0,204800,25600,270336,0,13132800,0.00298889,68267,0.00175373,393216,0.00427905,59.5461,0.00244593,241.188,0.00507339
536 ,0,0,0,0,0,0,0,0,0,0,0,0,25600,25600,51200,32000,4000,36000,0,0,0,0,0,0,0,0,0,0,0,0,0,0,0,0,0,0,0,25600,25600,0,0,0,0,0,32000,0.00034823,0,0.000230952,0,6.86184e-05
537 ,2304,0,2304,13824,0,13824,0,0,0,0,0,0,25600,76800,102400,4000,6000,10000,0,0,0,0,0,0,0,0,0,0,0,0,0,0,0,0,0,0,26368,25600,1536,51200,460800,0.000104873,25600,0.000657646,25600,0.000278584,32.1632,0.000495428,36.394,0.000287079
538 ,0,0,0,0,0,0,0,0,0,0,0,0,102400,51200,153600,8000,4000,12000,0,0,0,0,0,0,0,0,0,0,0,0,0,0,0,0,0,0,51200,51200,51200,0,25600,5.8263e-06,25600,0.000657646,25600,0.000278584,7.06998,0.000108903,26.901,0.000212197
539 ,0,0,0,0,0,0,0,0,0,0,0,0,102400,25600,128000,8000,32000,40000,0,0,0,0,0,0,0,0,0,0,0,0,0,0,0,0,0,0,51200,25600,51200,0,51200,1.16526e-05,25600,0.000657646,32000,0.00034823,24.6085,0.000379059,22.9535,0.000181059
540 ,65536,0,65536,131070,0,131070,0,0,0,0,0,0,409600,25600,435200,14288,4000,18288,0,0,0,0,0,0,0,0,0,0,0,0,0,0,0,0,0,0,270336,0,204800,25600,13132800,0.00298889,68267,0.00175373,393216,0.00427905,59.5461,0.00244593,241.188,0.00507339
541 ,0,0,0,0,0,0,0,0,0,0,0,0,25600,25600,51200,32000,4000,36000,0,0,0,0,0,0,0,0,0,0,0,0,0,0,0,0,0,0,25600,0,0,25600,0,0,0,0,32000,0.00034823,0,0.000230952,0,6.86184e-05
542 ,2304,0,2304,13824,0,13824,0,0,0,0,0,0,25600,76800,102400,4000,6000,10000,0,0,0,0,0,0,0,0,0,0,0,0,0,0,0,0,0,0,26368,25600,1536,51200,460800,0.000104873,25600,0.000657646,25600,0.000278584,32.1632,0.000495428,36.394,0.000287079
543 ,0,0,0,0,0,0,0,0,0,0,0,0,102400,51200,153600,8000,4000,12000,0,0,0,0,0,0,0,0,0,0,0,0,0,0,0,0,0,0,102400,0,0,51200,25600,5.8263e-06,25600,0.000657646,25600,0.000278584,7.06998,0.000108903,26.901,0.000212197
544 ,0,0,0,0,0,0,0,0,0,0,0,0,102400,25600,128000,8000,32000,40000,0,0,0,0,0,0,0,0,0,0,0,0,0,0,0,0,0,0,51200,0,51200,25600,51200,1.16526e-05,25600,0.000657646,32000,0.00034823,24.6085,0.000379059,22.9535,0.000181059
545 ,65536,0,65536,131070,0,131070,0,0,0,0,0,0,409600,25600,435200,14288,4000,18288,0,0,0,0,0,0,0,0,0,0,0,0,0,0,0,0,0,0,204800,25600,270336,0,13132800,0.00298889,68267,0.00175373,393216,0.00427905,59.5461,0.00244593,241.188,0.00507339
546 ,0,0,0,0,0,0,0,0,0,0,0,0,25600,25600,51200,32000,4000,36000,0,0,0,0,0,0,0,0,0,0,0,0,0,0,0,0,0,0,0,25600,25600,0,0,0,0,0,32000,0.00034823,0,0.000230952,0,6.86184e-05
547 ,0,0,0,0,0,0,0,0,0,0,0,0,25600,256,25856,4000,40,4040,0,0,0,0,0,0,0,0,0,0,0,0,0,0,0,0,0,0,25600,0,0,256,0,0,25600,0.000657646,25600,0.000278584,10.7933,0.000166255,4.79098,3.77916e-05
548 ,8192,0,8192,16380,0,16380,0,0,0,0,0,0,512,32,544,14,5,19,0,0,0,0,0,0,0,0,0,0,0,0,0,0,0,0,0,0,512,0,8192,32,16416,3.73612e-06,2731,7.01575e-05,49152,0.000534882,74.7404,0.000122817,660.856,0.000556109
549 ,8192,0,8192,16380,0,16380,0,0,0,0,0,0,512,256,768,26,40,66,0,0,0,0,0,0,0,0,0,0,0,0,0,0,0,0,0,0,512,0,8192,256,16640,3.7871e-06,2731,7.01575e-05,49152,0.000534882,75.88,0.000124689,661.18,0.000556382
550 ,0,0,0,0,0,0,0,0,0,0,0,0,102400,25600,128000,16000,4000,20000,0,0,0,0,0,0,0,0,0,0,0,0,0,0,0,0,0,0,25600,25600,76800,0,51200,1.16526e-05,25600,0.000657646,25600,0.000278584,16.4882,0.000253977,22.9535,0.000181059
551 ,2304,0,2304,13824,0,13824,0,0,0,0,0,0,51200,102400,153600,8000,38000,46000,0,0,0,0,0,0,0,0,0,0,0,0,0,0,0,0,0,0,26368,51200,27136,51200,460800,0.000104873,25600,0.000657646,38000,0.000413523,45.2147,0.000696466,45.093,0.000355697
552 ,65536,0,65536,131070,0,131070,0,0,0,0,0,0,512000,76800,588800,22288,8000,30288,0,0,0,0,0,0,0,0,0,0,0,0,0,0,0,0,0,0,256000,51200,321536,25600,13158400,0.00299472,68267,0.00175373,393216,0.00427905,62.1973,0.00255484,251.276,0.00528558
553 ,0,0,0,0,0,0,0,0,0,0,0,0,102400,25600,128000,8000,32000,40000,0,0,0,0,0,0,0,0,0,0,0,0,0,0,0,0,0,0,51200,0,51200,25600,51200,1.16526e-05,25600,0.000657646,32000,0.00034823,24.6085,0.000379059,22.9535,0.000181059
554 ,65536,0,65536,131070,0,131070,0,0,0,0,0,0,435200,51200,486400,46288,8000,54288,0,0,0,0,0,0,0,0,0,0,0,0,0,0,0,0,0,0,270336,25600,230400,25600,13132800,0.00298889,68267,0.00175373,393216,0.00427905,65.1686,0.00267689,244.45,0.005142
555 ,0,0,0,0,0,0,0,0,0,0,0,0,25600,25600,51200,32000,4000,36000,0,0,0,0,0,0,0,0,0,0,0,0,0,0,0,0,0,0,0,25600,25600,0,0,0,0,0,32000,0.00034823,0,0.000230952,0,6.86184e-05
556 ,2304,0,2304,13824,0,13824,0,0,0,0,0,0,25600,76800,102400,4000,6000,10000,0,0,0,0,0,0,0,0,0,0,0,0,0,0,0,0,0,0,768,51200,27136,25600,460800,0.000104873,25600,0.000657646,25600,0.000278584,32.1632,0.000495428,36.394,0.000287079
557 ,0,0,0,0,0,0,0,0,0,0,0,0,102400,51200,153600,8000,4000,12000,0,0,0,0,0,0,0,0,0,0,0,0,0,0,0,0,0,0,0,51200,102400,0,25600,5.8263e-06,25600,0.000657646,25600,0.000278584,7.06998,0.000108903,26.901,0.000212197
558 ,0,0,0,0,0,0,0,0,0,0,0,0,102400,25600,128000,8000,32000,40000,0,0,0,0,0,0,0,0,0,0,0,0,0,0,0,0,0,0,51200,25600,51200,0,51200,1.16526e-05,25600,0.000657646,32000,0.00034823,24.6085,0.000379059,22.9535,0.000181059
559 ,65536,0,65536,131070,0,131070,0,0,0,0,0,0,409600,25600,435200,14288,4000,18288,0,0,0,0,0,0,0,0,0,0,0,0,0,0,0,0,0,0,204800,25600,270336,0,13132800,0.00298889,68267,0.00175373,393216,0.00427905,59.5461,0.00244593,241.188,0.00507339
560 ,0,0,0,0,0,0,0,0,0,0,0,0,25600,25600,51200,32000,4000,36000,0,0,0,0,0,0,0,0,0,0,0,0,0,0,0,0,0,0,0,25600,25600,0,0,0,0,0,32000,0.00034823,0,0.000230952,0,6.86184e-05
561 ,2304,0,2304,13824,0,13824,0,0,0,0,0,0,25600,76800,102400,4000,6000,10000,0,0,0,0,0,0,0,0,0,0,0,0,0,0,0,0,0,0,768,51200,27136,25600,460800,0.000104873,25600,0.000657646,25600,0.000278584,32.1632,0.000495428,36.394,0.000287079
562 ,0,0,0,0,0,0,0,0,0,0,0,0,102400,51200,153600,8000,4000,12000,0,0,0,0,0,0,0,0,0,0,0,0,0,0,0,0,0,0,51200,51200,51200,0,25600,5.8263e-06,25600,0.000657646,25600,0.000278584,7.06998,0.000108903,26.901,0.000212197
563 ,0,0,0,0,0,0,0,0,0,0,0,0,102400,25600,128000,8000,32000,40000,0,0,0,0,0,0,0,0,0,0,0,0,0,0,0,0,0,0,51200,25600,51200,0,51200,1.16526e-05,25600,0.000657646,32000,0.00034823,24.6085,0.000379059,22.9535,0.000181059
564 ,65536,0,65536,131070,0,131070,0,0,0,0,0,0,409600,25600,435200,14288,4000,18288,0,0,0,0,0,0,0,0,0,0,0,0,0,0,0,0,0,0,204800,25600,270336,0,13132800,0.00298889,68267,0.00175373,393216,0.00427905,59.5461,0.00244593,241.188,0.00507339
565 ,0,0,0,0,0,0,0,0,0,0,0,0,25600,25600,51200,32000,4000,36000,0,0,0,0,0,0,0,0,0,0,0,0,0,0,0,0,0,0,25600,0,0,25600,0,0,0,0,32000,0.00034823,0,0.000230952,0,6.86184e-05
566 ,2304,0,2304,13824,0,13824,0,0,0,0,0,0,25600,76800,102400,4000,6000,10000,0,0,0,0,0,0,0,0,0,0,0,0,0,0,0,0,0,0,27136,25600,768,51200,460800,0.000104873,25600,0.000657646,25600,0.000278584,32.1632,0.000495428,36.394,0.000287079
567 ,0,0,0,0,0,0,0,0,0,0,0,0,102400,51200,153600,8000,4000,12000,0,0,0,0,0,0,0,0,0,0,0,0,0,0,0,0,0,0,0,51200,102400,0,25600,5.8263e-06,25600,0.000657646,25600,0.000278584,7.06998,0.000108903,26.901,0.000212197
568 ,0,0,0,0,0,0,0,0,0,0,0,0,102400,25600,128000,8000,32000,40000,0,0,0,0,0,0,0,0,0,0,0,0,0,0,0,0,0,0,51200,25600,51200,0,51200,1.16526e-05,25600,0.000657646,32000,0.00034823,24.6085,0.000379059,22.9535,0.000181059
569 ,65536,0,65536,131070,0,131070,0,0,0,0,0,0,409600,25600,435200,14288,4000,18288,0,0,0,0,0,0,0,0,0,0,0,0,0,0,0,0,0,0,204800,25600,270336,0,13132800,0.00298889,68267,0.00175373,393216,0.00427905,59.5461,0.00244593,241.188,0.00507339
570 ,0,0,0,0,0,0,0,0,0,0,0,0,25600,25600,51200,32000,4000,36000,0,0,0,0,0,0,0,0,0,0,0,0,0,0,0,0,0,0,0,25600,25600,0,0,0,0,0,32000,0.00034823,0,0.000230952,0,6.86184e-05
571 ,2304,0,2304,13824,0,13824,0,0,0,0,0,0,25600,76800,102400,4000,6000,10000,0,0,0,0,0,0,0,0,0,0,0,0,0,0,0,0,0,0,768,51200,27136,25600,460800,0.000104873,25600,0.000657646,25600,0.000278584,32.1632,0.000495428,36.394,0.000287079
572 ,0,0,0,0,0,0,0,0,0,0,0,0,102400,51200,153600,8000,4000,12000,0,0,0,0,0,0,0,0,0,0,0,0,0,0,0,0,0,0,51200,0,51200,51200,25600,5.8263e-06,25600,0.000657646,25600,0.000278584,7.06998,0.000108903,26.901,0.000212197
573 ,0,0,0,0,0,0,0,0,0,0,0,0,102400,25600,128000,8000,32000,40000,0,0,0,0,0,0,0,0,0,0,0,0,0,0,0,0,0,0,51200,25600,51200,0,51200,1.16526e-05,25600,0.000657646,32000,0.00034823,24.6085,0.000379059,22.9535,0.000181059
574 ,65536,0,65536,131070,0,131070,0,0,0,0,0,0,409600,25600,435200,14288,4000,18288,0,0,0,0,0,0,0,0,0,0,0,0,0,0,0,0,0,0,270336,0,204800,25600,13132800,0.00298889,68267,0.00175373,393216,0.00427905,59.5461,0.00244593,241.188,0.00507339
575 ,0,0,0,0,0,0,0,0,0,0,0,0,25600,25600,51200,32000,4000,36000,0,0,0,0,0,0,0,0,0,0,0,0,0,0,0,0,0,0,25600,0,0,25600,0,0,0,0,32000,0.00034823,0,0.000230952,0,6.86184e-05
576 ,0,0,0,0,0,0,0,0,0,0,0,0,25600,256,25856,4000,40,4040,0,0,0,0,0,0,0,0,0,0,0,0,0,0,0,0,0,0,25600,0,0,256,0,0,25600,0.000657646,25600,0.000278584,10.7933,0.000166255,4.79098,3.77916e-05
577 ,8192,0,8192,16380,0,16380,0,0,0,0,0,0,512,32,544,14,5,19,0,0,0,0,0,0,0,0,0,0,0,0,0,0,0,0,0,0,8192,32,512,0,16416,3.73612e-06,2731,7.01575e-05,49152,0.000534882,74.7404,0.000122817,660.856,0.000556109
578 ,8192,0,8192,16380,0,16380,0,0,0,0,0,0,512,256,768,26,40,66,0,0,0,0,0,0,0,0,0,0,0,0,0,0,0,0,0,0,512,0,8192,256,16640,3.7871e-06,2731,7.01575e-05,49152,0.000534882,75.88,0.000124689,661.18,0.000556382
579 ,0,0,0,0,0,0,0,0,0,0,0,0,102400,25600,128000,16000,4000,20000,0,0,0,0,0,0,0,0,0,0,0,0,0,0,0,0,0,0,25600,25600,76800,0,51200,1.16526e-05,25600,0.000657646,25600,0.000278584,16.4882,0.000253977,22.9535,0.000181059
580 ,2304,0,2304,13824,0,13824,0,0,0,0,0,0,51200,102400,153600,8000,38000,46000,0,0,0,0,0,0,0,0,0,0,0,0,0,0,0,0,0,0,27136,51200,26368,51200,460800,0.000104873,25600,0.000657646,38000,0.000413523,45.2147,0.000696466,45.093,0.000355697
581 ,65536,0,65536,131070,0,131070,0,0,0,0,0,0,512000,76800,588800,22288,8000,30288,0,0,0,0,0,0,0,0,0,0,0,0,0,0,0,0,0,0,270336,76800,307200,0,13158400,0.00299472,68267,0.00175373,393216,0.00427905,62.1973,0.00255484,251.276,0.00528558
582 ,0,0,0,0,0,0,0,0,0,0,0,0,102400,25600,128000,8000,32000,40000,0,0,0,0,0,0,0,0,0,0,0,0,0,0,0,0,0,0,51200,25600,51200,0,51200,1.16526e-05,25600,0.000657646,32000,0.00034823,24.6085,0.000379059,22.9535,0.000181059
583 ,65536,0,65536,131070,0,131070,0,0,0,0,0,0,435200,51200,486400,46288,8000,54288,0,0,0,0,0,0,0,0,0,0,0,0,0,0,0,0,0,0,230400,25600,270336,25600,13132800,0.00298889,68267,0.00175373,393216,0.00427905,65.1686,0.00267689,244.45,0.005142
584 ,0,0,0,0,0,0,0,0,0,0,0,0,25600,25600,51200,32000,4000,36000,0,0,0,0,0,0,0,0,0,0,0,0,0,0,0,0,0,0,25600,0,0,25600,0,0,0,0,32000,0.00034823,0,0.000230952,0,6.86184e-05
585 ,2304,0,2304,13824,0,13824,0,0,0,0,0,0,25600,76800,102400,4000,6000,10000,0,0,0,0,0,0,0,0,0,0,0,0,0,0,0,0,0,0,768,51200,27136,25600,460800,0.000104873,25600,0.000657646,25600,0.000278584,32.1632,0.000495428,36.394,0.000287079
586 ,0,0,0,0,0,0,0,0,0,0,0,0,102400,51200,153600,8000,4000,12000,0,0,0,0,0,0,0,0,0,0,0,0,0,0,0,0,0,0,51200,0,51200,51200,25600,5.8263e-06,25600,0.000657646,25600,0.000278584,7.06998,0.000108903,26.901,0.000212197
587 ,0,0,0,0,0,0,0,0,0,0,0,0,102400,25600,128000,8000,32000,40000,0,0,0,0,0,0,0,0,0,0,0,0,0,0,0,0,0,0,51200,25600,51200,0,51200,1.16526e-05,25600,0.000657646,32000,0.00034823,24.6085,0.000379059,22.9535,0.000181059
588 ,65536,0,65536,131070,0,131070,0,0,0,0,0,0,409600,25600,435200,14288,4000,18288,0,0,0,0,0,0,0,0,0,0,0,0,0,0,0,0,0,0,270336,0,204800,25600,13132800,0.00298889,68267,0.00175373,393216,0.00427905,59.5461,0.00244593,241.188,0.00507339
589 ,0,0,0,0,0,0,0,0,0,0,0,0,25600,25600,51200,32000,4000,36000,0,0,0,0,0,0,0,0,0,0,0,0,0,0,0,0,0,0,0,25600,25600,0,0,0,0,0,32000,0.00034823,0,0.000230952,0,6.86184e-05
590 ,2304,0,2304,13824,0,13824,0,0,0,0,0,0,25600,76800,102400,4000,6000,10000,0,0,0,0,0,0,0,0,0,0,0,0,0,0,0,0,0,0,768,51200,27136,25600,460800,0.000104873,25600,0.000657646,25600,0.000278584,32.1632,0.000495428,36.394,0.000287079
591 ,0,0,0,0,0,0,0,0,0,0,0,0,102400,51200,153600,8000,4000,12000,0,0,0,0,0,0,0,0,0,0,0,0,0,0,0,0,0,0,102400,0,0,51200,25600,5.8263e-06,25600,0.000657646,25600,0.000278584,7.06998,0.000108903,26.901,0.000212197
592 ,0,0,0,0,0,0,0,0,0,0,0,0,102400,25600,128000,8000,32000,40000,0,0,0,0,0,0,0,0,0,0,0,0,0,0,0,0,0,0,51200,0,51200,25600,51200,1.16526e-05,25600,0.000657646,32000,0.00034823,24.6085,0.000379059,22.9535,0.000181059
593 ,65536,0,65536,131070,0,131070,0,0,0,0,0,0,409600,25600,435200,14288,4000,18288,0,0,0,0,0,0,0,0,0,0,0,0,0,0,0,0,0,0,204800,25600,270336,0,13132800,0.00298889,68267,0.00175373,393216,0.00427905,59.5461,0.00244593,241.188,0.00507339
594 ,0,0,0,0,0,0,0,0,0,0,0,0,25600,25600,51200,32000,4000,36000,0,0,0,0,0,0,0,0,0,0,0,0,0,0,0,0,0,0,25600,0,0,25600,0,0,0,0,32000,0.00034823,0,0.000230952,0,6.86184e-05
595 ,2304,0,2304,13824,0,13824,0,0,0,0,0,0,25600,76800,102400,4000,6000,10000,0,0,0,0,0,0,0,0,0,0,0,0,0,0,0,0,0,0,26368,25600,1536,51200,460800,0.000104873,25600,0.000657646,25600,0.000278584,32.1632,0.000495428,36.394,0.000287079
596 ,0,0,0,0,0,0,0,0,0,0,0,0,102400,51200,153600,8000,4000,12000,0,0,0,0,0,0,0,0,0,0,0,0,0,0,0,0,0,0,102400,0,0,51200,25600,5.8263e-06,25600,0.000657646,25600,0.000278584,7.06998,0.000108903,26.901,0.000212197
597 ,0,0,0,0,0,0,0,0,0,0,0,0,102400,25600,128000,8000,32000,40000,0,0,0,0,0,0,0,0,0,0,0,0,0,0,0,0,0,0,51200,25600,51200,0,51200,1.16526e-05,25600,0.000657646,32000,0.00034823,24.6085,0.000379059,22.9535,0.000181059
598 ,65536,0,65536,131070,0,131070,0,0,0,0,0,0,409600,25600,435200,14288,4000,18288,0,0,0,0,0,0,0,0,0,0,0,0,0,0,0,0,0,0,270336,0,204800,25600,13132800,0.00298889,68267,0.00175373,393216,0.00427905,59.5461,0.00244593,241.188,0.00507339
599 ,0,0,0,0,0,0,0,0,0,0,0,0,25600,25600,51200,32000,4000,36000,0,0,0,0,0,0,0,0,0,0,0,0,0,0,0,0,0,0,25600,0,0,25600,0,0,0,0,32000,0.00034823,0,0.000230952,0,6.86184e-05
600 ,2304,0,2304,13824,0,13824,0,0,0,0,0,0,25600,76800,102400,4000,6000,10000,0,0,0,0,0,0,0,0,0,0,0,0,0,0,0,0,0,0,26368,25600,1536,51200,460800,0.000104873,25600,0.000657646,25600,0.000278584,32.1632,0.000495428,36.394,0.000287079
601 ,0,0,0,0,0,0,0,0,0,0,0,0,102400,51200,153600,8000,4000,12000,0,0,0,0,0,0,0,0,0,0,0,0,0,0,0,0,0,0,51200,51200,51200,0,25600,5.8263e-06,25600,0.000657646,25600,0.000278584,7.06998,0.000108903,26.901,0.000212197
602 ,0,0,0,0,0,0,0,0,0,0,0,0,102400,25600,128000,8000,32000,40000,0,0,0,0,0,0,0,0,0,0,0,0,0,0,0,0,0,0,51200,25600,51200,0,51200,1.16526e-05,25600,0.000657646,32000,0.00034823,24.6085,0.000379059,22.9535,0.000181059
603 ,65536,0,65536,131070,0,131070,0,0,0,0,0,0,409600,25600,435200,14288,4000,18288,0,0,0,0,0,0,0,0,0,0,0,0,0,0,0,0,0,0,204800,25600,270336,0,13132800,0.00298889,68267,0.00175373,393216,0.00427905,59.5461,0.00244593,241.188,0.00507339
604 ,0,0,0,0,0,0,0,0,0,0,0,0,25600,25600,51200,32000,4000,36000,0,0,0,0,0,0,0,0,0,0,0,0,0,0,0,0,0,0,25600,0,0,25600,0,0,0,0,32000,0.00034823,0,0.000230952,0,6.86184e-05
605 ,0,0,0,0,0,0,0,0,0,0,0,0,25600,256,25856,4000,40,4040,0,0,0,0,0,0,0,0,0,0,0,0,0,0,0,0,0,0,0,256,25600,0,0,0,25600,0.000657646,25600,0.000278584,10.7933,0.000166255,4.79098,3.77916e-05
606 ,8192,0,8192,16380,0,16380,0,0,0,0,0,0,512,32,544,14,5,19,0,0,0,0,0,0,0,0,0,0,0,0,0,0,0,0,0,0,512,0,8192,32,16416,3.73612e-06,2731,7.01575e-05,49152,0.000534882,74.7404,0.000122817,660.856,0.000556109
607 ,8192,0,8192,16380,0,16380,0,0,0,0,0,0,512,256,768,26,40,66,0,0,0,0,0,0,0,0,0,0,0,0,0,0,0,0,0,0,8192,256,512,0,16640,3.7871e-06,2731,7.01575e-05,49152,0.000534882,75.88,0.000124689,661.18,0.000556382
608 ,0,0,0,0,0,0,0,0,0,0,0,0,102400,25600,128000,16000,4000,20000,0,0,0,0,0,0,0,0,0,0,0,0,0,0,0,0,0,0,25600,25600,76800,0,51200,1.16526e-05,25600,0.000657646,25600,0.000278584,16.4882,0.000253977,22.9535,0.000181059
609 ,2816,0,2816,16896,0,16896,0,0,0,0,0,0,25600,102400,128000,4000,8000,12000,0,0,0,0,0,0,0,0,0,0,0,0,0,0,0,0,0,0,27136,25600,1280,76800,563200,0.000128179,25600,0.000657646,25600,0.000278584,38.9571,0.000600077,44.7415,0.000352924
610 ,0,0,0,0,0,0,0,0,0,0,0,0,204800,102400,307200,16000,8000,24000,0,0,0,0,0,0,0,0,0,0,0,0,0,0,0,0,0,0,102400,51200,102400,51200,51200,1.16526e-05,25600,0.000657646,48000,0.000522345,14.14,0.000217806,53.802,0.000424394
611 ,0,0,0,0,0,0,0,0,0,0,0,0,102400,25600,128000,8000,32000,40000,0,0,0,0,0,0,0,0,0,0,0,0,0,0,0,0,0,0,51200,0,51200,25600,51200,1.16526e-05,25600,0.000657646,32000,0.00034823,24.6085,0.000379059,22.9535,0.000181059
612 ,166400,0,166400,335358,0,335358,0,0,0,0,0,0,819200,64000,883200,28576,10000,38576,0,0,0,0,0,0,0,0,0,0,0,0,0,0,0,0,0,0,665600,0,573440,64000,32896000,0.0074868,136534,0.00350746,998400,0.0108648,75.5392,0.00620574,304.787,0.0128224
613 ,0,0,0,0,0,0,0,0,0,0,0,0,64000,64000,128000,80000,10000,90000,0,0,0,0,0,0,0,0,0,0,0,0,0,0,0,0,0,0,0,64000,64000,0,0,0,0,0,80000,0.000870576,0,0.00057738,0,0.000171546
614 ,0,0,0,0,0,0,0,0,0,0,0,0,64000,640,64640,10000,100,10100,0,0,0,0,0,0,0,0,0,0,0,0,0,0,0,0,0,0,64000,0,0,640,0,0,64000,0.00164412,64000,0.00069646,10.7933,0.000415639,4.79097,9.44789e-05
615 ,51200,0,51200,102396,0,102396,0,0,0,0,0,0,2560,80,2640,74,12,86,0,0,0,0,0,0,0,0,0,0,0,0,0,0,0,0,0,0,51200,80,2560,0,102480,2.33234e-05,17067,0.000438439,307200,0.00334301,76.6146,0.000786773,660.718,0.0034746
616 ,52480,0,52480,106236,0,106236,0,0,0,0,0,0,2560,640,3200,133,100,233,0,0,0,0,0,0,0,0,0,0,0,0,0,0,0,0,0,0,3840,0,51200,640,103680,2.35965e-05,17067,0.000438439,314880,0.00342659,79.4228,0.000815611,677.348,0.00356205
617 ,0,0,0,0,0,0,0,0,0,0,0,0,192000,64000,256000,30000,10000,40000,0,0,0,0,0,0,0,0,0,0,0,0,0,0,0,0,0,0,64000,64000,128000,0,64000,1.45658e-05,64000,0.00164412,64000,0.00069646,12.7501,0.000490993,18.202,0.000358947
618 ,0,0,0,0,0,0,0,0,0,0,0,0,64000,64000,128000,10000,80000,90000,0,0,0,0,0,0,0,0,0,0,0,0,0,0,0,0,0,0,64000,0,0,64000,0,0,0,0,80000,0.000870576,0,0.00057738,0,0.000171546
619 ,660100,0,660100,1324296,0,1324296,0,0,0,0,0,0,13530000,615000,14145000,760919,65663,826582,0,0,0,0,0,0,0,0,0,0,0,0,0,0,0,0,0,0,7626000,0,6970000,205000,131404992,0.0299065,1093334,0.028087,3960600,0.0431,55.7558,0.0366795,195.106,0.0657286
620 ,0,0,0,0,0,0,0,0,0,0,0,0,0,0,0,0,0,0,0,0,0,0,0,0,0,0,0,0,0,0,0,0,0,0,0,0,0,0,0,0,0,0,0,0,0,0,0,0,0,0

Total,9921732,0,9921732,22131672,0,22131672,0,0,0,0,0,0,179471248,43201128,222672376,20721644,14389745,35111389,7884800,768000,8652800,1453764,976000,2429764,0,0,0,0,0,0,0,0,0,0,0,0,
BW,1.0797e+08,0,1.0797e+08,2.40841e+08,0,2.40841e+08,0,0,0,0,0,0,1.95304e+09,4.70123e+08,2.42316e+09,2.25497e+08,1.56592e+08,3.82089e+08,8.58039e+07,8.35753e+06,9.41615e+07,1.58201e+07,1.0621e+07,2.64412e+07,0,0,0,0,0,0,0,0,0,0,0,0,

octoFlash , 9.73 MB , total bytes r/w BW,1.0797e+08
hyperRAM , ?
npuRAM6 , 425.00 KB , total bytes r/w BW,2.42316e+09
cpuRAM2 , 500.00 KB , total bytes r/w BW,9.41615e+07
flexMEM , ?
cpuRAM1 , ?

Total cycles,91893224
Total ideal cycles,38926712
Total OPS,4393867264
Total ops/cycle,47
Total ideal ops/cycle,112
Frames/sec(1000 MHz),10.8822
Ideal Frames/sec(1000 MHz),25.6893
Average ATON power mW(1000 MHz),18.0857
Average memory power mW,35.3171
Average Total power mW,53.4028
TOPS/W,0.880103
